speaker_id;session;word;word_n;word_freq;word_z
911821;106/2024;andra;1;0.015151515151515152;-0.2951216261027788
911821;106/2024;anfallskrig;1;0.015151515151515152;-0.2951216261027788
911821;106/2024;att;2;0.030303030303030304;1.1804865044111155
911821;106/2024;brutala;1;0.015151515151515152;-0.2951216261027788
911821;106/2024;budskap;1;0.015151515151515152;-0.2951216261027788
911821;106/2024;den;1;0.015151515151515152;-0.2951216261027788
911821;106/2024;enat;1;0.015151515151515152;-0.2951216261027788
911821;106/2024;enligt;1;0.015151515151515152;-0.2951216261027788
911821;106/2024;finland;1;0.015151515151515152;-0.2951216261027788
911821;106/2024;folkrätten;1;0.015151515151515152;-0.2951216261027788
911821;106/2024;fortsätter;1;0.015151515151515152;-0.2951216261027788
911821;106/2024;frihet;1;0.015151515151515152;-0.2951216261027788
911821;106/2024;fått;1;0.015151515151515152;-0.2951216261027788
911821;106/2024;för;3;0.045454545454545456;2.65609463492501
911821;106/2024;ge;1;0.015151515151515152;-0.2951216261027788
911821;106/2024;har;1;0.015151515151515152;-0.2951216261027788
911821;106/2024;helst;1;0.015151515151515152;-0.2951216261027788
911821;106/2024;humanitära;1;0.015151515151515152;-0.2951216261027788
911821;106/2024;hänsynslösa;1;0.015151515151515152;-0.2951216261027788
911821;106/2024;inte;1;0.015151515151515152;-0.2951216261027788
911821;106/2024;kamp;1;0.015151515151515152;-0.2951216261027788
911821;106/2024;krigsbrott;1;0.015151515151515152;-0.2951216261027788
911821;106/2024;länge;1;0.015151515151515152;-0.2951216261027788
911821;106/2024;medel;1;0.015151515151515152;-0.2951216261027788
911821;106/2024;militärupprustning;1;0.015151515151515152;-0.2951216261027788
911821;106/2024;några;1;0.015151515151515152;-0.2951216261027788
911821;106/2024;och;5;0.07575757575757576;5.607310895952798
911821;106/2024;orubbat;1;0.015151515151515152;-0.2951216261027788
911821;106/2024;planerar;1;0.015151515151515152;-0.2951216261027788
911821;106/2024;putin;1;0.015151515151515152;-0.2951216261027788
911821;106/2024;ryssland;3;0.045454545454545456;2.65609463492501
911821;106/2024;rätten;1;0.015151515151515152;-0.2951216261027788
911821;106/2024;sak;1;0.015151515151515152;-0.2951216261027788
911821;106/2024;samtidigt;1;0.015151515151515152;-0.2951216261027788
911821;106/2024;sedan;1;0.015151515151515152;-0.2951216261027788
911821;106/2024;sexuellt;1;0.015151515151515152;-0.2951216261027788
911821;106/2024;sin;1;0.015151515151515152;-0.2951216261027788
911821;106/2024;sitt;1;0.015151515151515152;-0.2951216261027788
911821;106/2024;skyr;1;0.015151515151515152;-0.2951216261027788
911821;106/2024;som;1;0.015151515151515152;-0.2951216261027788
911821;106/2024;stöder;1;0.015151515151515152;-0.2951216261027788
911821;106/2024;talman;1;0.015151515151515152;-0.2951216261027788
911821;106/2024;tydligt;1;0.015151515151515152;-0.2951216261027788
911821;106/2024;ukraina;1;0.015151515151515152;-0.2951216261027788
911821;106/2024;ukrainas;2;0.030303030303030304;1.1804865044111155
911821;106/2024;uppgift;1;0.015151515151515152;-0.2951216261027788
911821;106/2024;vet;1;0.015151515151515152;-0.2951216261027788
911821;106/2024;vi;1;0.015151515151515152;-0.2951216261027788
911821;106/2024;vika;1;0.015151515151515152;-0.2951216261027788
911821;106/2024;våld;1;0.015151515151515152;-0.2951216261027788
911821;106/2024;vår;1;0.015151515151515152;-0.2951216261027788
911821;106/2024;vårt;1;0.015151515151515152;-0.2951216261027788
911821;106/2024;är;2;0.030303030303030304;1.1804865044111155
911821;106/2024;ärade;1;0.015151515151515152;-0.2951216261027788
911821;106/2024;öka;1;0.015151515151515152;-0.2951216261027788
911821;108/2024;att;4;0.06349206349206349;3.241246954210959
911821;108/2024;behöver;1;0.015873015873015872;-0.3768891807222045
911821;108/2024;betonar;1;0.015873015873015872;-0.3768891807222045
911821;108/2024;den;2;0.031746031746031744;0.82915619758885
911821;108/2024;det;1;0.015873015873015872;-0.3768891807222045
911821;108/2024;finland;1;0.015873015873015872;-0.3768891807222045
911821;108/2024;fru;1;0.015873015873015872;-0.3768891807222045
911821;108/2024;frågan;1;0.015873015873015872;-0.3768891807222045
911821;108/2024;för;3;0.047619047619047616;2.0352015758999045
911821;108/2024;har;1;0.015873015873015872;-0.3768891807222045
911821;108/2024;höst;1;0.015873015873015872;-0.3768891807222045
911821;108/2024;jag;1;0.015873015873015872;-0.3768891807222045
911821;108/2024;jobba;1;0.015873015873015872;-0.3768891807222045
911821;108/2024;komma;1;0.015873015873015872;-0.3768891807222045
911821;108/2024;kunna;1;0.015873015873015872;-0.3768891807222045
911821;108/2024;lite;1;0.015873015873015872;-0.3768891807222045
911821;108/2024;lockande;1;0.015873015873015872;-0.3768891807222045
911821;108/2024;men;1;0.015873015873015872;-0.3768891807222045
911821;108/2024;minst;1;0.015873015873015872;-0.3768891807222045
911821;108/2024;nettoinvandringen;1;0.015873015873015872;-0.3768891807222045
911821;108/2024;nu;1;0.015873015873015872;-0.3768891807222045
911821;108/2024;och;1;0.015873015873015872;-0.3768891807222045
911821;108/2024;oss;1;0.015873015873015872;-0.3768891807222045
911821;108/2024;per;1;0.015873015873015872;-0.3768891807222045
911821;108/2024;personer;1;0.015873015873015872;-0.3768891807222045
911821;108/2024;presenterat;1;0.015873015873015872;-0.3768891807222045
911821;108/2024;riksdagsgruppen;1;0.015873015873015872;-0.3768891807222045
911821;108/2024;ska;2;0.031746031746031744;0.82915619758885
911821;108/2024;svenska;1;0.015873015873015872;-0.3768891807222045
911821;108/2024;så;1;0.015873015873015872;-0.3768891807222045
911821;108/2024;talman;1;0.015873015873015872;-0.3768891807222045
911821;108/2024;tidigare;1;0.015873015873015872;-0.3768891807222045
911821;108/2024;till;3;0.047619047619047616;2.0352015758999045
911821;108/2024;tillväxtåtgärder;2;0.031746031746031744;0.82915619758885
911821;108/2024;trygga;1;0.015873015873015872;-0.3768891807222045
911821;108/2024;uppgå;1;0.015873015873015872;-0.3768891807222045
911821;108/2024;ursäktar;1;0.015873015873015872;-0.3768891807222045
911821;108/2024;vara;1;0.015873015873015872;-0.3768891807222045
911821;108/2024;vi;5;0.07936507936507936;4.4472923325220135
911821;108/2024;viktig;1;0.015873015873015872;-0.3768891807222045
911821;108/2024;vill;1;0.015873015873015872;-0.3768891807222045
911821;108/2024;välfärdssamhälle;1;0.015873015873015872;-0.3768891807222045
911821;108/2024;våra;2;0.031746031746031744;0.82915619758885
911821;108/2024;vårt;1;0.015873015873015872;-0.3768891807222045
911821;108/2024;är;1;0.015873015873015872;-0.3768891807222045
911821;108/2024;ärade;1;0.015873015873015872;-0.3768891807222045
911821;108/2024;år;1;0.015873015873015872;-0.3768891807222045
911821;108/2024;återgår;1;0.015873015873015872;-0.3768891807222045
911821;136/2024;alla;1;0.009708737864077669;-0.35017055561008725
911821;136/2024;allt;1;0.009708737864077669;-0.35017055561008725
911821;136/2024;annat;1;0.009708737864077669;-0.35017055561008725
911821;136/2024;att;3;0.02912621359223301;1.9551189354896534
911821;136/2024;av;2;0.019417475728155338;0.802474189939783
911821;136/2024;budget;1;0.009708737864077669;-0.35017055561008725
911821;136/2024;byråkratin;1;0.009708737864077669;-0.35017055561008725
911821;136/2024;bästa;1;0.009708737864077669;-0.35017055561008725
911821;136/2024;deklarerade;1;0.009708737864077669;-0.35017055561008725
911821;136/2024;delen;1;0.009708737864077669;-0.35017055561008725
911821;136/2024;den;2;0.019417475728155338;0.802474189939783
911821;136/2024;ekonomi;1;0.009708737864077669;-0.35017055561008725
911821;136/2024;ekonomin;1;0.009708737864077669;-0.35017055561008725
911821;136/2024;ett;1;0.009708737864077669;-0.35017055561008725
911821;136/2024;fast;1;0.009708737864077669;-0.35017055561008725
911821;136/2024;finlands;1;0.009708737864077669;-0.35017055561008725
911821;136/2024;flera;1;0.009708737864077669;-0.35017055561008725
911821;136/2024;framtiden;1;0.009708737864077669;-0.35017055561008725
911821;136/2024;framtidslösningar;1;0.009708737864077669;-0.35017055561008725
911821;136/2024;fru;1;0.009708737864077669;-0.35017055561008725
911821;136/2024;för;1;0.009708737864077669;-0.35017055561008725
911821;136/2024;ha;1;0.009708737864077669;-0.35017055561008725
911821;136/2024;har;5;0.04854368932038835;4.260408426589394
911821;136/2024;hålla;1;0.009708737864077669;-0.35017055561008725
911821;136/2024;hållit;1;0.009708737864077669;-0.35017055561008725
911821;136/2024;höjt;1;0.009708737864077669;-0.35017055561008725
911821;136/2024;innan;1;0.009708737864077669;-0.35017055561008725
911821;136/2024;klart;1;0.009708737864077669;-0.35017055561008725
911821;136/2024;levt;1;0.009708737864077669;-0.35017055561008725
911821;136/2024;liv;1;0.009708737864077669;-0.35017055561008725
911821;136/2024;länge;1;0.009708737864077669;-0.35017055561008725
911821;136/2024;lånat;1;0.009708737864077669;-0.35017055561008725
911821;136/2024;man;1;0.009708737864077669;-0.35017055561008725
911821;136/2024;mitt;1;0.009708737864077669;-0.35017055561008725
911821;136/2024;nedskärningar;1;0.009708737864077669;-0.35017055561008725
911821;136/2024;nästa;2;0.019417475728155338;0.802474189939783
911821;136/2024;nödvändiga;1;0.009708737864077669;-0.35017055561008725
911821;136/2024;oansvarigt;1;0.009708737864077669;-0.35017055561008725
911821;136/2024;obalans;1;0.009708737864077669;-0.35017055561008725
911821;136/2024;obekväma;1;0.009708737864077669;-0.35017055561008725
911821;136/2024;och;5;0.04854368932038835;4.260408426589394
911821;136/2024;också;1;0.009708737864077669;-0.35017055561008725
911821;136/2024;om;1;0.009708737864077669;-0.35017055561008725
911821;136/2024;omöjliga;1;0.009708737864077669;-0.35017055561008725
911821;136/2024;pengar;1;0.009708737864077669;-0.35017055561008725
911821;136/2024;på;1;0.009708737864077669;-0.35017055561008725
911821;136/2024;redan;1;0.009708737864077669;-0.35017055561008725
911821;136/2024;regeringen;1;0.009708737864077669;-0.35017055561008725
911821;136/2024;riktning;1;0.009708737864077669;-0.35017055561008725
911821;136/2024;rätt;1;0.009708737864077669;-0.35017055561008725
911821;136/2024;ser;1;0.009708737864077669;-0.35017055561008725
911821;136/2024;sikt;1;0.009708737864077669;-0.35017055561008725
911821;136/2024;skatter;1;0.009708737864077669;-0.35017055561008725
911821;136/2024;skulle;2;0.019417475728155338;0.802474189939783
911821;136/2024;som;3;0.02912621359223301;1.9551189354896534
911821;136/2024;statsbudget;1;0.009708737864077669;-0.35017055561008725
911821;136/2024;steg;1;0.009708737864077669;-0.35017055561008725
911821;136/2024;strukturer;1;0.009708737864077669;-0.35017055561008725
911821;136/2024;större;1;0.009708737864077669;-0.35017055561008725
911821;136/2024;söka;1;0.009708737864077669;-0.35017055561008725
911821;136/2024;talman;1;0.009708737864077669;-0.35017055561008725
911821;136/2024;tillgångar;1;0.009708737864077669;-0.35017055561008725
911821;136/2024;tillträdde;1;0.009708737864077669;-0.35017055561008725
911821;136/2024;torde;1;0.009708737864077669;-0.35017055561008725
911821;136/2024;under;1;0.009708737864077669;-0.35017055561008725
911821;136/2024;vara;1;0.009708737864077669;-0.35017055561008725
911821;136/2024;varit;2;0.019417475728155338;0.802474189939783
911821;136/2024;vet;1;0.009708737864077669;-0.35017055561008725
911821;136/2024;vi;5;0.04854368932038835;4.260408426589394
911821;136/2024;vid;1;0.009708737864077669;-0.35017055561008725
911821;136/2024;vänder;1;0.009708737864077669;-0.35017055561008725
911821;136/2024;värderade;1;0.009708737864077669;-0.35017055561008725
911821;136/2024;våra;1;0.009708737864077669;-0.35017055561008725
911821;136/2024;än;1;0.009708737864077669;-0.35017055561008725
911821;136/2024;är;3;0.02912621359223301;1.9551189354896534
911821;136/2024;åhörare;1;0.009708737864077669;-0.35017055561008725
911821;136/2024;års;2;0.019417475728155338;0.802474189939783
911821;136/2024;ökat;1;0.009708737864077669;-0.35017055561008725
911821;136/2024;över;1;0.009708737864077669;-0.35017055561008725
911821;37/2025;alijäämäistä;1;0.016129032258064516;-0.24864755203438413
911821;37/2025;arvoisa;1;0.016129032258064516;-0.24864755203438413
911821;37/2025;edessään;1;0.016129032258064516;-0.24864755203438413
911821;37/2025;ei;2;0.03225806451612903;1.4297234241977088
911821;37/2025;epävarmuuden;1;0.016129032258064516;-0.24864755203438413
911821;37/2025;haasteita;1;0.016129032258064516;-0.24864755203438413
911821;37/2025;hitaasti;1;0.016129032258064516;-0.24864755203438413
911821;37/2025;hyvinvoinnista;1;0.016129032258064516;-0.24864755203438413
911821;37/2025;ihmisistä;1;0.016129032258064516;-0.24864755203438413
911821;37/2025;investointeja;1;0.016129032258064516;-0.24864755203438413
911821;37/2025;ja;5;0.08064516129032258;6.464836352893989
911821;37/2025;jalansijaa;1;0.016129032258064516;-0.24864755203438413
911821;37/2025;kansainvälisessä;1;0.016129032258064516;-0.24864755203438413
911821;37/2025;kasvaa;1;0.016129032258064516;-0.24864755203438413
911821;37/2025;kehityksen;1;0.016129032258064516;-0.24864755203438413
911821;37/2025;kilpailussa;1;0.016129032258064516;-0.24864755203438413
911821;37/2025;koneista;1;0.016129032258064516;-0.24864755203438413
911821;37/2025;kuitenkin;1;0.016129032258064516;-0.24864755203438413
911821;37/2025;kyse;1;0.016129032258064516;-0.24864755203438413
911821;37/2025;luvuista;1;0.016129032258064516;-0.24864755203438413
911821;37/2025;maailmassa;1;0.016129032258064516;-0.24864755203438413
911821;37/2025;maamme;1;0.016129032258064516;-0.24864755203438413
911821;37/2025;mahdollisuuksia;1;0.016129032258064516;-0.24864755203438413
911821;37/2025;meidän;1;0.016129032258064516;-0.24864755203438413
911821;37/2025;menettäneet;1;0.016129032258064516;-0.24864755203438413
911821;37/2025;mutta;1;0.016129032258064516;-0.24864755203438413
911821;37/2025;muutosten;1;0.016129032258064516;-0.24864755203438413
911821;37/2025;myös;1;0.016129032258064516;-0.24864755203438413
911821;37/2025;määrätietoista;1;0.016129032258064516;-0.24864755203438413
911821;37/2025;ole;2;0.03225806451612903;1.4297234241977088
911821;37/2025;ollut;1;0.016129032258064516;-0.24864755203438413
911821;37/2025;on;2;0.03225806451612903;1.4297234241977088
911821;37/2025;ovat;1;0.016129032258064516;-0.24864755203438413
911821;37/2025;pitkään;1;0.016129032258064516;-0.24864755203438413
911821;37/2025;puhemies;1;0.016129032258064516;-0.24864755203438413
911821;37/2025;rohkeaa;1;0.016129032258064516;-0.24864755203438413
911821;37/2025;rouva;1;0.016129032258064516;-0.24864755203438413
911821;37/2025;suomalaisyritykset;1;0.016129032258064516;-0.24864755203438413
911821;37/2025;suomella;1;0.016129032258064516;-0.24864755203438413
911821;37/2025;suuria;2;0.03225806451612903;1.4297234241977088
911821;37/2025;tarpeeksi;1;0.016129032258064516;-0.24864755203438413
911821;37/2025;tarvitsemme;1;0.016129032258064516;-0.24864755203438413
911821;37/2025;tehtaista;1;0.016129032258064516;-0.24864755203438413
911821;37/2025;tehty;1;0.016129032258064516;-0.24864755203438413
911821;37/2025;teknologisen;1;0.016129032258064516;-0.24864755203438413
911821;37/2025;teollisuuspolitiikkaa;1;0.016129032258064516;-0.24864755203438413
911821;37/2025;teollisuuteen;1;0.016129032258064516;-0.24864755203438413
911821;37/2025;tulevaisuudestamme;1;0.016129032258064516;-0.24864755203438413
911821;37/2025;tuottavuus;1;0.016129032258064516;-0.24864755203438413
911821;37/2025;tässä;1;0.016129032258064516;-0.24864755203438413
911821;37/2025;ulkomaankauppa;1;0.016129032258064516;-0.24864755203438413
911821;37/2025;vaan;1;0.016129032258064516;-0.24864755203438413
911821;37/2025;vain;1;0.016129032258064516;-0.24864755203438413
911821;37/2025;yhteisestä;1;0.016129032258064516;-0.24864755203438413
911821;69/2025;arvoisa;1;0.011363636363636364;-0.23731877228547912
911821;69/2025;asiantuntijoiden;1;0.011363636363636364;-0.23731877228547912
911821;69/2025;ehdottamaan;1;0.011363636363636364;-0.23731877228547912
911821;69/2025;enemmän;1;0.011363636363636364;-0.23731877228547912
911821;69/2025;ensi;1;0.011363636363636364;-0.23731877228547912
911821;69/2025;epämiellyttäviä;1;0.011363636363636364;-0.23731877228547912
911821;69/2025;esittämien;1;0.011363636363636364;-0.23731877228547912
911821;69/2025;että;3;0.03409090909090909;3.9289441189484897
911821;69/2025;gazan;1;0.011363636363636364;-0.23731877228547912
911821;69/2025;hetkellä;1;0.011363636363636364;-0.23731877228547912
911821;69/2025;huippukokous;1;0.011363636363636364;-0.23731877228547912
911821;69/2025;hyökkäyssota;1;0.011363636363636364;-0.23731877228547912
911821;69/2025;iranin;1;0.011363636363636364;-0.23731877228547912
911821;69/2025;israelin;1;0.011363636363636364;-0.23731877228547912
911821;69/2025;ja;3;0.03409090909090909;3.9289441189484897
911821;69/2025;jatkuu;1;0.011363636363636364;-0.23731877228547912
911821;69/2025;joitain;1;0.011363636363636364;-0.23731877228547912
911821;69/2025;jossa;1;0.011363636363636364;-0.23731877228547912
911821;69/2025;järkyttävä;1;0.011363636363636364;-0.23731877228547912
911821;69/2025;jäsenmaiden;1;0.011363636363636364;-0.23731877228547912
911821;69/2025;kahdesta;1;0.011363636363636364;-0.23731877228547912
911821;69/2025;kanssa;1;0.011363636363636364;-0.23731877228547912
911821;69/2025;konflikteista;1;0.011363636363636364;-0.23731877228547912
911821;69/2025;korottaisivat;1;0.011363636363636364;-0.23731877228547912
911821;69/2025;kovien;1;0.011363636363636364;-0.23731877228547912
911821;69/2025;kuin;1;0.011363636363636364;-0.23731877228547912
911821;69/2025;kärjistynyt;1;0.011363636363636364;-0.23731877228547912
911821;69/2025;käytettävä;1;0.011363636363636364;-0.23731877228547912
911821;69/2025;liian;1;0.011363636363636364;-0.23731877228547912
911821;69/2025;liikumme;1;0.011363636363636364;-0.23731877228547912
911821;69/2025;linjassa;1;0.011363636363636364;-0.23731877228547912
911821;69/2025;lisäksi;1;0.011363636363636364;-0.23731877228547912
911821;69/2025;maailma;1;0.011363636363636364;-0.23731877228547912
911821;69/2025;maailman;1;0.011363636363636364;-0.23731877228547912
911821;69/2025;mainitakseni;1;0.011363636363636364;-0.23731877228547912
911821;69/2025;monista;1;0.011363636363636364;-0.23731877228547912
911821;69/2025;nato-maat;1;0.011363636363636364;-0.23731877228547912
911821;69/2025;naton;1;0.011363636363636364;-0.23731877228547912
911821;69/2025;niin;1;0.011363636363636364;-0.23731877228547912
911821;69/2025;nykyisestä;1;0.011363636363636364;-0.23731877228547912
911821;69/2025;nyt;1;0.011363636363636364;-0.23731877228547912
911821;69/2025;nämä;1;0.011363636363636364;-0.23731877228547912
911821;69/2025;olisi;1;0.011363636363636364;-0.23731877228547912
911821;69/2025;on;4;0.045454545454545456;6.012075564565475
911821;69/2025;osalta;1;0.011363636363636364;-0.23731877228547912
911821;69/2025;ovat;2;0.022727272727272728;1.8458126733315054
911821;69/2025;panostukset;1;0.011363636363636364;-0.23731877228547912
911821;69/2025;panostuksiin;1;0.011363636363636364;-0.23731877228547912
911821;69/2025;prosentista;1;0.011363636363636364;-0.23731877228547912
911821;69/2025;prosenttia;1;0.011363636363636364;-0.23731877228547912
911821;69/2025;prosenttiin;1;0.011363636363636364;-0.23731877228547912
911821;69/2025;puhemies;1;0.011363636363636364;-0.23731877228547912
911821;69/2025;puolitoista;1;0.011363636363636364;-0.23731877228547912
911821;69/2025;puolustusbudjetin;1;0.011363636363636364;-0.23731877228547912
911821;69/2025;puolustusliitto;1;0.011363636363636364;-0.23731877228547912
911821;69/2025;puolustusmäärärahoja;1;0.011363636363636364;-0.23731877228547912
911821;69/2025;puolustuspanostuksien;1;0.011363636363636364;-0.23731877228547912
911821;69/2025;puolustuspoliittisen;1;0.011363636363636364;-0.23731877228547912
911821;69/2025;puolustuspolitiikan;1;0.011363636363636364;-0.23731877228547912
911821;69/2025;päädytty;1;0.011363636363636364;-0.23731877228547912
911821;69/2025;rouva;1;0.011363636363636364;-0.23731877228547912
911821;69/2025;sanottujen;1;0.011363636363636364;-0.23731877228547912
911821;69/2025;se;1;0.011363636363636364;-0.23731877228547912
911821;69/2025;sekä;1;0.011363636363636364;-0.23731877228547912
911821;69/2025;selonteon;1;0.011363636363636364;-0.23731877228547912
911821;69/2025;tarvearvioiden;1;0.011363636363636364;-0.23731877228547912
911821;69/2025;tiedämme;1;0.011363636363636364;-0.23731877228547912
911821;69/2025;tilanne;2;0.022727272727272728;1.8458126733315054
911821;69/2025;turvallisuuspoliittinen;1;0.011363636363636364;-0.23731877228547912
911821;69/2025;tällä;1;0.011363636363636364;-0.23731877228547912
911821;69/2025;ulkopuolisiin;1;0.011363636363636364;-0.23731877228547912
911821;69/2025;vain;1;0.011363636363636364;-0.23731877228547912
911821;69/2025;valmistelussa;1;0.011363636363636364;-0.23731877228547912
911821;69/2025;varsin;1;0.011363636363636364;-0.23731877228547912
911821;69/2025;varsinaisen;1;0.011363636363636364;-0.23731877228547912
911821;69/2025;venäjän;1;0.011363636363636364;-0.23731877228547912
911821;69/2025;viikolla;1;0.011363636363636364;-0.23731877228547912
911821;69/2025;viimeisimpänä;1;0.011363636363636364;-0.23731877228547912
911821;69/2025;ympäristömme;1;0.011363636363636364;-0.23731877228547912
911821;76/2025;arvoisa;1;0.013888888888888888;-0.36648347071885023
911821;76/2025;ei;1;0.013888888888888888;-0.36648347071885023
911821;76/2025;että;3;0.041666666666666664;2.1989008243131005
911821;76/2025;euroopan;1;0.013888888888888888;-0.36648347071885023
911821;76/2025;harjoituksilla;1;0.013888888888888888;-0.36648347071885023
911821;76/2025;hyökkäys;2;0.027777777777777776;0.9162086767971253
911821;76/2025;ja;6;0.08333333333333333;6.0469772668610275
911821;76/2025;kaikki;1;0.013888888888888888;-0.36648347071885023
911821;76/2025;kaikkia;1;0.013888888888888888;-0.36648347071885023
911821;76/2025;kantavat;1;0.013888888888888888;-0.36648347071885023
911821;76/2025;kohtaan;2;0.027777777777777776;0.9162086767971253
911821;76/2025;kriiseissä;1;0.013888888888888888;-0.36648347071885023
911821;76/2025;kukaan;1;0.013888888888888888;-0.36648347071885023
911821;76/2025;kulmakivenä;1;0.013888888888888888;-0.36648347071885023
911821;76/2025;liittokunnan;1;0.013888888888888888;-0.36648347071885023
911821;76/2025;liittokunta;1;0.013888888888888888;-0.36648347071885023
911821;76/2025;läsnäololla;1;0.013888888888888888;-0.36648347071885023
911821;76/2025;mutta;1;0.013888888888888888;-0.36648347071885023
911821;76/2025;nato;2;0.027777777777777776;0.9162086767971253
911821;76/2025;ole;1;0.013888888888888888;-0.36648347071885023
911821;76/2025;olevamme;1;0.013888888888888888;-0.36648347071885023
911821;76/2025;on;2;0.027777777777777776;0.9162086767971253
911821;76/2025;osoitamme;2;0.027777777777777776;0.9162086767971253
911821;76/2025;pelotteen;1;0.013888888888888888;-0.36648347071885023
911821;76/2025;periaatteeseen;2;0.027777777777777776;0.9162086767971253
911821;76/2025;perustuu;1;0.013888888888888888;-0.36648347071885023
911821;76/2025;pohjois-amerikan;1;0.013888888888888888;-0.36648347071885023
911821;76/2025;puhemies;1;0.013888888888888888;-0.36648347071885023
911821;76/2025;puolustuksen;1;0.013888888888888888;-0.36648347071885023
911821;76/2025;pysyy;1;0.013888888888888888;-0.36648347071885023
911821;76/2025;rakentamiseksi;1;0.013888888888888888;-0.36648347071885023
911821;76/2025;rauhanaikana;1;0.013888888888888888;-0.36648347071885023
911821;76/2025;rouva;1;0.013888888888888888;-0.36648347071885023
911821;76/2025;sekä;1;0.013888888888888888;-0.36648347071885023
911821;76/2025;siitä;2;0.027777777777777776;0.9162086767971253
911821;76/2025;sisältyy;1;0.013888888888888888;-0.36648347071885023
911821;76/2025;suorituskyvyllä;1;0.013888888888888888;-0.36648347071885023
911821;76/2025;tehosta;1;0.013888888888888888;-0.36648347071885023
911821;76/2025;turvallisuuden;1;0.013888888888888888;-0.36648347071885023
911821;76/2025;työskentelee;1;0.013888888888888888;-0.36648347071885023
911821;76/2025;tähän;1;0.013888888888888888;-0.36648347071885023
911821;76/2025;uskottavuudesta;1;0.013888888888888888;-0.36648347071885023
911821;76/2025;vaadittavan;1;0.013888888888888888;-0.36648347071885023
911821;76/2025;vahvaan;1;0.013888888888888888;-0.36648347071885023
911821;76/2025;vahvuutta;1;0.013888888888888888;-0.36648347071885023
911821;76/2025;vakavissamme;1;0.013888888888888888;-0.36648347071885023
911821;76/2025;vakuutus;2;0.027777777777777776;0.9162086767971253
911821;76/2025;valmiuden;1;0.013888888888888888;-0.36648347071885023
911821;76/2025;vastuunsa;1;0.013888888888888888;-0.36648347071885023
911821;76/2025;velvollisuus;2;0.027777777777777776;0.9162086767971253
911821;76/2025;yhteisen;1;0.013888888888888888;-0.36648347071885023
911821;76/2025;yhteisillä;1;0.013888888888888888;-0.36648347071885023
911821;76/2025;yhtenäisyyden;1;0.013888888888888888;-0.36648347071885023
911821;76/2025;yhtä;1;0.013888888888888888;-0.36648347071885023
911821;76/2025;yksin;1;0.013888888888888888;-0.36648347071885023
911821;76/2025;yksinkertaiseen;1;0.013888888888888888;-0.36648347071885023
911821;84/2024;arvoisa;1;0.007874015748031496;-0.5537987238455145
911821;84/2024;att;2;0.015748031496062992;0.6957983966264158
911821;84/2024;av;2;0.015748031496062992;0.6957983966264158
911821;84/2024;bara;1;0.007874015748031496;-0.5537987238455145
911821;84/2024;behovet;1;0.007874015748031496;-0.5537987238455145
911821;84/2024;behöver;1;0.007874015748031496;-0.5537987238455145
911821;84/2024;billigare;2;0.015748031496062992;0.6957983966264158
911821;84/2024;blivit;2;0.015748031496062992;0.6957983966264158
911821;84/2024;brödet;1;0.007874015748031496;-0.5537987238455145
911821;84/2024;butiken;1;0.007874015748031496;-0.5537987238455145
911821;84/2024;butikshyllan;1;0.007874015748031496;-0.5537987238455145
911821;84/2024;de;2;0.015748031496062992;0.6957983966264158
911821;84/2024;definitivt;1;0.007874015748031496;-0.5537987238455145
911821;84/2024;den;2;0.015748031496062992;0.6957983966264158
911821;84/2024;det;3;0.023622047244094488;1.9453955170983461
911821;84/2024;då;1;0.007874015748031496;-0.5537987238455145
911821;84/2024;en;3;0.023622047244094488;1.9453955170983461
911821;84/2024;exempel;1;0.007874015748031496;-0.5537987238455145
911821;84/2024;fru;1;0.007874015748031496;-0.5537987238455145
911821;84/2024;få;1;0.007874015748031496;-0.5537987238455145
911821;84/2024;för;3;0.023622047244094488;1.9453955170983461
911821;84/2024;förhandlingar;1;0.007874015748031496;-0.5537987238455145
911821;84/2024;försvara;1;0.007874015748031496;-0.5537987238455145
911821;84/2024;förtjänar;2;0.015748031496062992;0.6957983966264158
911821;84/2024;förändringar;1;0.007874015748031496;-0.5537987238455145
911821;84/2024;gånger;1;0.007874015748031496;-0.5537987238455145
911821;84/2024;har;3;0.023622047244094488;1.9453955170983461
911821;84/2024;inhemska;1;0.007874015748031496;-0.5537987238455145
911821;84/2024;insyn;1;0.007874015748031496;-0.5537987238455145
911821;84/2024;inte;3;0.023622047244094488;1.9453955170983461
911821;84/2024;just;1;0.007874015748031496;-0.5537987238455145
911821;84/2024;kan;2;0.015748031496062992;0.6957983966264158
911821;84/2024;kommer;3;0.023622047244094488;1.9453955170983461
911821;84/2024;konsumenter;1;0.007874015748031496;-0.5537987238455145
911821;84/2024;kostnadsindex;1;0.007874015748031496;-0.5537987238455145
911821;84/2024;lagpaketen;1;0.007874015748031496;-0.5537987238455145
911821;84/2024;lantbruket;1;0.007874015748031496;-0.5537987238455145
911821;84/2024;leverantörsavtal;1;0.007874015748031496;-0.5537987238455145
911821;84/2024;livsmedelskedjan;2;0.015748031496062992;0.6957983966264158
911821;84/2024;livsmedelsmarknaden;1;0.007874015748031496;-0.5537987238455145
911821;84/2024;livsmedelsmarknadsombudsmannens;1;0.007874015748031496;-0.5537987238455145
911821;84/2024;lyfta;1;0.007874015748031496;-0.5537987238455145
911821;84/2024;men;2;0.015748031496062992;0.6957983966264158
911821;84/2024;mer;1;0.007874015748031496;-0.5537987238455145
911821;84/2024;mest;1;0.007874015748031496;-0.5537987238455145
911821;84/2024;mätverktyg;1;0.007874015748031496;-0.5537987238455145
911821;84/2024;många;1;0.007874015748031496;-0.5537987238455145
911821;84/2024;möjlighet;2;0.015748031496062992;0.6957983966264158
911821;84/2024;nu;1;0.007874015748031496;-0.5537987238455145
911821;84/2024;när;1;0.007874015748031496;-0.5537987238455145
911821;84/2024;objektiva;1;0.007874015748031496;-0.5537987238455145
911821;84/2024;och;4;0.031496062992125984;3.194992637570276
911821;84/2024;om;1;0.007874015748031496;-0.5537987238455145
911821;84/2024;priskorrigeringar;1;0.007874015748031496;-0.5537987238455145
911821;84/2024;prisstruktur;1;0.007874015748031496;-0.5537987238455145
911821;84/2024;producenten;1;0.007874015748031496;-0.5537987238455145
911821;84/2024;produkterna;1;0.007874015748031496;-0.5537987238455145
911821;84/2024;propositionens;1;0.007874015748031496;-0.5537987238455145
911821;84/2024;puhemies;1;0.007874015748031496;-0.5537987238455145
911821;84/2024;på;3;0.023622047244094488;1.9453955170983461
911821;84/2024;rekordlåga;1;0.007874015748031496;-0.5537987238455145
911821;84/2024;riksdagen;1;0.007874015748031496;-0.5537987238455145
911821;84/2024;roll;1;0.007874015748031496;-0.5537987238455145
911821;84/2024;rouva;1;0.007874015748031496;-0.5537987238455145
911821;84/2024;rättvis;1;0.007874015748031496;-0.5537987238455145
911821;84/2024;se;2;0.015748031496062992;0.6957983966264158
911821;84/2024;senaste;1;0.007874015748031496;-0.5537987238455145
911821;84/2024;små;1;0.007874015748031496;-0.5537987238455145
911821;84/2024;som;4;0.031496062992125984;3.194992637570276
911821;84/2024;spannmålsmarknaden;1;0.007874015748031496;-0.5537987238455145
911821;84/2024;spannmålspriser;1;0.007874015748031496;-0.5537987238455145
911821;84/2024;svaga;1;0.007874015748031496;-0.5537987238455145
911821;84/2024;så;1;0.007874015748031496;-0.5537987238455145
911821;84/2024;talman;1;0.007874015748031496;-0.5537987238455145
911821;84/2024;tiden;1;0.007874015748031496;-0.5537987238455145
911821;84/2024;till;4;0.031496062992125984;3.194992637570276
911821;84/2024;transparensen;1;0.007874015748031496;-0.5537987238455145
911821;84/2024;transparent;1;0.007874015748031496;-0.5537987238455145
911821;84/2024;tre;1;0.007874015748031496;-0.5537987238455145
911821;84/2024;upp;1;0.007874015748031496;-0.5537987238455145
911821;84/2024;utlösa;1;0.007874015748031496;-0.5537987238455145
911821;84/2024;vem;1;0.007874015748031496;-0.5537987238455145
911821;84/2024;vi;3;0.023622047244094488;1.9453955170983461
911821;84/2024;viktiga;2;0.015748031496062992;0.6957983966264158
911821;84/2024;värderade;1;0.007874015748031496;-0.5537987238455145
911821;84/2024;våra;1;0.007874015748031496;-0.5537987238455145
911821;84/2024;äntligen;1;0.007874015748031496;-0.5537987238455145
911821;84/2024;är;2;0.015748031496062992;0.6957983966264158
911821;88/2024;ab;1;0.0017452006980802793;-0.36280886491559483
911821;88/2024;agendan;1;0.0017452006980802793;-0.36280886491559483
911821;88/2024;alternativ;1;0.0017452006980802793;-0.36280886491559483
911821;88/2024;andra;2;0.0034904013961605585;0.008974070863636597
911821;88/2024;använda;1;0.0017452006980802793;-0.36280886491559483
911821;88/2024;arbetsplatser;1;0.0017452006980802793;-0.36280886491559483
911821;88/2024;arbetsro;1;0.0017452006980802793;-0.36280886491559483
911821;88/2024;att;17;0.029668411867364748;5.585718107552108
911821;88/2024;av;6;0.010471204188481676;1.4961058139805623
911821;88/2024;avlivade;2;0.0034904013961605585;0.008974070863636597
911821;88/2024;bara;3;0.005235602094240838;0.380757006642868
911821;88/2024;basis;1;0.0017452006980802793;-0.36280886491559483
911821;88/2024;begränsa;2;0.0034904013961605585;0.008974070863636597
911821;88/2024;behöver;2;0.0034904013961605585;0.008974070863636597
911821;88/2024;beklaga;1;0.0017452006980802793;-0.36280886491559483
911821;88/2024;bekymmersamma;1;0.0017452006980802793;-0.36280886491559483
911821;88/2024;beredningen;1;0.0017452006980802793;-0.36280886491559483
911821;88/2024;berörde;1;0.0017452006980802793;-0.36280886491559483
911821;88/2024;bidrar;1;0.0017452006980802793;-0.36280886491559483
911821;88/2024;biosäkerhet;2;0.0034904013961605585;0.008974070863636597
911821;88/2024;biosäkerheten;1;0.0017452006980802793;-0.36280886491559483
911821;88/2024;borde;1;0.0017452006980802793;-0.36280886491559483
911821;88/2024;budskap;1;0.0017452006980802793;-0.36280886491559483
911821;88/2024;byggas;2;0.0034904013961605585;0.008974070863636597
911821;88/2024;byggt;1;0.0017452006980802793;-0.36280886491559483
911821;88/2024;dag;3;0.005235602094240838;0.380757006642868
911821;88/2024;daglig;1;0.0017452006980802793;-0.36280886491559483
911821;88/2024;de;8;0.013961605584642234;2.239671685539025
911821;88/2024;dekret;1;0.0017452006980802793;-0.36280886491559483
911821;88/2024;demokratin;1;0.0017452006980802793;-0.36280886491559483
911821;88/2024;den;7;0.012216404886561954;1.8678887497597938
911821;88/2024;deras;1;0.0017452006980802793;-0.36280886491559483
911821;88/2024;dess;1;0.0017452006980802793;-0.36280886491559483
911821;88/2024;det;17;0.029668411867364748;5.585718107552108
911821;88/2024;direkta;1;0.0017452006980802793;-0.36280886491559483
911821;88/2024;direktiv;1;0.0017452006980802793;-0.36280886491559483
911821;88/2024;diskussion;2;0.0034904013961605585;0.008974070863636597
911821;88/2024;diskussionen;1;0.0017452006980802793;-0.36280886491559483
911821;88/2024;djur;1;0.0017452006980802793;-0.36280886491559483
911821;88/2024;djuren;1;0.0017452006980802793;-0.36280886491559483
911821;88/2024;djurens;4;0.006980802792321117;0.7525399424220995
911821;88/2024;dock;1;0.0017452006980802793;-0.36280886491559483
911821;88/2024;dragit;1;0.0017452006980802793;-0.36280886491559483
911821;88/2024;där;1;0.0017452006980802793;-0.36280886491559483
911821;88/2024;därför;1;0.0017452006980802793;-0.36280886491559483
911821;88/2024;då;3;0.005235602094240838;0.380757006642868
911821;88/2024;eget;1;0.0017452006980802793;-0.36280886491559483
911821;88/2024;ekosystem;1;0.0017452006980802793;-0.36280886491559483
911821;88/2024;elak;1;0.0017452006980802793;-0.36280886491559483
911821;88/2024;element;1;0.0017452006980802793;-0.36280886491559483
911821;88/2024;en;7;0.012216404886561954;1.8678887497597938
911821;88/2024;enda;1;0.0017452006980802793;-0.36280886491559483
911821;88/2024;ersättningarna;1;0.0017452006980802793;-0.36280886491559483
911821;88/2024;essayah;1;0.0017452006980802793;-0.36280886491559483
911821;88/2024;ett;3;0.005235602094240838;0.380757006642868
911821;88/2024;euro;3;0.005235602094240838;0.380757006642868
911821;88/2024;export;2;0.0034904013961605585;0.008974070863636597
911821;88/2024;extra;1;0.0017452006980802793;-0.36280886491559483
911821;88/2024;far;1;0.0017452006980802793;-0.36280886491559483
911821;88/2024;fel;1;0.0017452006980802793;-0.36280886491559483
911821;88/2024;finland;5;0.008726003490401396;1.1243228782013308
911821;88/2024;finlands;1;0.0017452006980802793;-0.36280886491559483
911821;88/2024;finländare;1;0.0017452006980802793;-0.36280886491559483
911821;88/2024;finländska;1;0.0017452006980802793;-0.36280886491559483
911821;88/2024;fjol;1;0.0017452006980802793;-0.36280886491559483
911821;88/2024;fjolårets;1;0.0017452006980802793;-0.36280886491559483
911821;88/2024;fokuserar;1;0.0017452006980802793;-0.36280886491559483
911821;88/2024;fortsätta;1;0.0017452006980802793;-0.36280886491559483
911821;88/2024;framstår;1;0.0017452006980802793;-0.36280886491559483
911821;88/2024;fråga;2;0.0034904013961605585;0.008974070863636597
911821;88/2024;frågan;1;0.0017452006980802793;-0.36280886491559483
911821;88/2024;frågor;1;0.0017452006980802793;-0.36280886491559483
911821;88/2024;från;1;0.0017452006980802793;-0.36280886491559483
911821;88/2024;fundamentala;1;0.0017452006980802793;-0.36280886491559483
911821;88/2024;få;1;0.0017452006980802793;-0.36280886491559483
911821;88/2024;fågelinfluensa;1;0.0017452006980802793;-0.36280886491559483
911821;88/2024;fått;1;0.0017452006980802793;-0.36280886491559483
911821;88/2024;följer;1;0.0017452006980802793;-0.36280886491559483
911821;88/2024;för;11;0.019197207678883072;3.355020492876719
911821;88/2024;föra;1;0.0017452006980802793;-0.36280886491559483
911821;88/2024;förbättrar;1;0.0017452006980802793;-0.36280886491559483
911821;88/2024;förebyggande;1;0.0017452006980802793;-0.36280886491559483
911821;88/2024;företag;1;0.0017452006980802793;-0.36280886491559483
911821;88/2024;företagande;1;0.0017452006980802793;-0.36280886491559483
911821;88/2024;företagare;1;0.0017452006980802793;-0.36280886491559483
911821;88/2024;företagarfamiljer;1;0.0017452006980802793;-0.36280886491559483
911821;88/2024;förhållanden;1;0.0017452006980802793;-0.36280886491559483
911821;88/2024;förhåller;1;0.0017452006980802793;-0.36280886491559483
911821;88/2024;förordningar;1;0.0017452006980802793;-0.36280886491559483
911821;88/2024;förra;2;0.0034904013961605585;0.008974070863636597
911821;88/2024;förtjäna;1;0.0017452006980802793;-0.36280886491559483
911821;88/2024;förutsättning;1;0.0017452006980802793;-0.36280886491559483
911821;88/2024;genom;1;0.0017452006980802793;-0.36280886491559483
911821;88/2024;gick;1;0.0017452006980802793;-0.36280886491559483
911821;88/2024;grunden;1;0.0017452006980802793;-0.36280886491559483
911821;88/2024;grundlag;2;0.0034904013961605585;0.008974070863636597
911821;88/2024;grundlagsfientlig;1;0.0017452006980802793;-0.36280886491559483
911821;88/2024;grundlagsstipulerade;1;0.0017452006980802793;-0.36280886491559483
911821;88/2024;gärna;1;0.0017452006980802793;-0.36280886491559483
911821;88/2024;gång;1;0.0017452006980802793;-0.36280886491559483
911821;88/2024;ha;1;0.0017452006980802793;-0.36280886491559483
911821;88/2024;haft;1;0.0017452006980802793;-0.36280886491559483
911821;88/2024;hanteringen;1;0.0017452006980802793;-0.36280886491559483
911821;88/2024;har;11;0.019197207678883072;3.355020492876719
911821;88/2024;hellre;1;0.0017452006980802793;-0.36280886491559483
911821;88/2024;honom;1;0.0017452006980802793;-0.36280886491559483
911821;88/2024;hot;1;0.0017452006980802793;-0.36280886491559483
911821;88/2024;hur;1;0.0017452006980802793;-0.36280886491559483
911821;88/2024;här;6;0.010471204188481676;1.4961058139805623
911821;88/2024;hållbara;1;0.0017452006980802793;-0.36280886491559483
911821;88/2024;hållbarhet;1;0.0017452006980802793;-0.36280886491559483
911821;88/2024;högkonjunkturstider;1;0.0017452006980802793;-0.36280886491559483
911821;88/2024;högt;1;0.0017452006980802793;-0.36280886491559483
911821;88/2024;hört;2;0.0034904013961605585;0.008974070863636597
911821;88/2024;ibland;1;0.0017452006980802793;-0.36280886491559483
911821;88/2024;ifred;1;0.0017452006980802793;-0.36280886491559483
911821;88/2024;ifrågasätter;1;0.0017452006980802793;-0.36280886491559483
911821;88/2024;in;1;0.0017452006980802793;-0.36280886491559483
911821;88/2024;inte;7;0.012216404886561954;1.8678887497597938
911821;88/2024;investeringar;4;0.006980802792321117;0.7525399424220995
911821;88/2024;investeringsstöd;1;0.0017452006980802793;-0.36280886491559483
911821;88/2024;jag;11;0.019197207678883072;3.355020492876719
911821;88/2024;jord;1;0.0017452006980802793;-0.36280886491559483
911821;88/2024;jämställs;1;0.0017452006980802793;-0.36280886491559483
911821;88/2024;kan;3;0.005235602094240838;0.380757006642868
911821;88/2024;kommer;2;0.0034904013961605585;0.008974070863636597
911821;88/2024;kring;2;0.0034904013961605585;0.008974070863636597
911821;88/2024;kränkande;1;0.0017452006980802793;-0.36280886491559483
911821;88/2024;kulturella;1;0.0017452006980802793;-0.36280886491559483
911821;88/2024;känsla;1;0.0017452006980802793;-0.36280886491559483
911821;88/2024;känslan;1;0.0017452006980802793;-0.36280886491559483
911821;88/2024;lag;2;0.0034904013961605585;0.008974070863636597
911821;88/2024;lagar;1;0.0017452006980802793;-0.36280886491559483
911821;88/2024;lagarna;1;0.0017452006980802793;-0.36280886491559483
911821;88/2024;lagligt;1;0.0017452006980802793;-0.36280886491559483
911821;88/2024;land;2;0.0034904013961605585;0.008974070863636597
911821;88/2024;landets;2;0.0034904013961605585;0.008974070863636597
911821;88/2024;likt;1;0.0017452006980802793;-0.36280886491559483
911821;88/2024;lite;1;0.0017452006980802793;-0.36280886491559483
911821;88/2024;lämnas;1;0.0017452006980802793;-0.36280886491559483
911821;88/2024;man;9;0.015706806282722512;2.6114546213182566
911821;88/2024;med;6;0.010471204188481676;1.4961058139805623
911821;88/2024;men;2;0.0034904013961605585;0.008974070863636597
911821;88/2024;mer;1;0.0017452006980802793;-0.36280886491559483
911821;88/2024;mest;1;0.0017452006980802793;-0.36280886491559483
911821;88/2024;mig;1;0.0017452006980802793;-0.36280886491559483
911821;88/2024;miljarder;2;0.0034904013961605585;0.008974070863636597
911821;88/2024;miljoner;2;0.0034904013961605585;0.008974070863636597
911821;88/2024;miljöpåverkan;1;0.0017452006980802793;-0.36280886491559483
911821;88/2024;mot;1;0.0017452006980802793;-0.36280886491559483
911821;88/2024;motsätter;1;0.0017452006980802793;-0.36280886491559483
911821;88/2024;myndigheterna;1;0.0017452006980802793;-0.36280886491559483
911821;88/2024;möjliggöra;1;0.0017452006980802793;-0.36280886491559483
911821;88/2024;möjligheten;1;0.0017452006980802793;-0.36280886491559483
911821;88/2024;mötte;1;0.0017452006980802793;-0.36280886491559483
911821;88/2024;nog;1;0.0017452006980802793;-0.36280886491559483
911821;88/2024;nu;1;0.0017452006980802793;-0.36280886491559483
911821;88/2024;näring;1;0.0017452006980802793;-0.36280886491559483
911821;88/2024;näringsfrihet;1;0.0017452006980802793;-0.36280886491559483
911821;88/2024;näringsfriheten;2;0.0034904013961605585;0.008974070863636597
911821;88/2024;näst;1;0.0017452006980802793;-0.36280886491559483
911821;88/2024;och;18;0.031413612565445025;5.957501043331338
911821;88/2024;också;3;0.005235602094240838;0.380757006642868
911821;88/2024;om;6;0.010471204188481676;1.4961058139805623
911821;88/2024;oss;1;0.0017452006980802793;-0.36280886491559483
911821;88/2024;oy;1;0.0017452006980802793;-0.36280886491559483
911821;88/2024;pengar;1;0.0017452006980802793;-0.36280886491559483
911821;88/2024;prata;1;0.0017452006980802793;-0.36280886491559483
911821;88/2024;pratade;1;0.0017452006980802793;-0.36280886491559483
911821;88/2024;pratar;2;0.0034904013961605585;0.008974070863636597
911821;88/2024;producenten;2;0.0034904013961605585;0.008974070863636597
911821;88/2024;produktion;1;0.0017452006980802793;-0.36280886491559483
911821;88/2024;produktionsgrenar;1;0.0017452006980802793;-0.36280886491559483
911821;88/2024;pälsdjur;1;0.0017452006980802793;-0.36280886491559483
911821;88/2024;pälsdjurens;1;0.0017452006980802793;-0.36280886491559483
911821;88/2024;pälsmotståndarna;1;0.0017452006980802793;-0.36280886491559483
911821;88/2024;pälsnäringen;1;0.0017452006980802793;-0.36280886491559483
911821;88/2024;pälsproducent;1;0.0017452006980802793;-0.36280886491559483
911821;88/2024;pälsproducenter;2;0.0034904013961605585;0.008974070863636597
911821;88/2024;pälsproducenterna;1;0.0017452006980802793;-0.36280886491559483
911821;88/2024;på;8;0.013961605584642234;2.239671685539025
911821;88/2024;påpeka;1;0.0017452006980802793;-0.36280886491559483
911821;88/2024;påstår;1;0.0017452006980802793;-0.36280886491559483
911821;88/2024;redan;1;0.0017452006980802793;-0.36280886491559483
911821;88/2024;redo;3;0.005235602094240838;0.380757006642868
911821;88/2024;regering;2;0.0034904013961605585;0.008974070863636597
911821;88/2024;regeringen;1;0.0017452006980802793;-0.36280886491559483
911821;88/2024;regeringsprogrammet;1;0.0017452006980802793;-0.36280886491559483
911821;88/2024;rent;1;0.0017452006980802793;-0.36280886491559483
911821;88/2024;respekterar;2;0.0034904013961605585;0.008974070863636597
911821;88/2024;retoriken;1;0.0017452006980802793;-0.36280886491559483
911821;88/2024;riksdagen;2;0.0034904013961605585;0.008974070863636597
911821;88/2024;runt;1;0.0017452006980802793;-0.36280886491559483
911821;88/2024;rätten;1;0.0017452006980802793;-0.36280886491559483
911821;88/2024;rättigheter;2;0.0034904013961605585;0.008974070863636597
911821;88/2024;råder;2;0.0034904013961605585;0.008974070863636597
911821;88/2024;rörde;1;0.0017452006980802793;-0.36280886491559483
911821;88/2024;rörelsefrihet;1;0.0017452006980802793;-0.36280886491559483
911821;88/2024;sade;1;0.0017452006980802793;-0.36280886491559483
911821;88/2024;sagt;2;0.0034904013961605585;0.008974070863636597
911821;88/2024;salen;3;0.005235602094240838;0.380757006642868
911821;88/2024;samhället;1;0.0017452006980802793;-0.36280886491559483
911821;88/2024;samma;2;0.0034904013961605585;0.008974070863636597
911821;88/2024;sanning;1;0.0017452006980802793;-0.36280886491559483
911821;88/2024;satsa;2;0.0034904013961605585;0.008974070863636597
911821;88/2024;sedan;1;0.0017452006980802793;-0.36280886491559483
911821;88/2024;senast;1;0.0017452006980802793;-0.36280886491559483
911821;88/2024;senaste;1;0.0017452006980802793;-0.36280886491559483
911821;88/2024;sig;2;0.0034904013961605585;0.008974070863636597
911821;88/2024;signalen;1;0.0017452006980802793;-0.36280886491559483
911821;88/2024;ska;2;0.0034904013961605585;0.008974070863636597
911821;88/2024;skadeersättningar;1;0.0017452006980802793;-0.36280886491559483
911821;88/2024;skinn;1;0.0017452006980802793;-0.36280886491559483
911821;88/2024;skogsbruksminister;1;0.0017452006980802793;-0.36280886491559483
911821;88/2024;skulle;1;0.0017452006980802793;-0.36280886491559483
911821;88/2024;skäl;1;0.0017452006980802793;-0.36280886491559483
911821;88/2024;slutligen;1;0.0017452006980802793;-0.36280886491559483
911821;88/2024;som;16;0.027923211169284468;5.213935171772876
911821;88/2024;språk;1;0.0017452006980802793;-0.36280886491559483
911821;88/2024;startar;1;0.0017452006980802793;-0.36280886491559483
911821;88/2024;staten;1;0.0017452006980802793;-0.36280886491559483
911821;88/2024;statligt;1;0.0017452006980802793;-0.36280886491559483
911821;88/2024;stiftade;1;0.0017452006980802793;-0.36280886491559483
911821;88/2024;stolt;1;0.0017452006980802793;-0.36280886491559483
911821;88/2024;stora;1;0.0017452006980802793;-0.36280886491559483
911821;88/2024;struntar;1;0.0017452006980802793;-0.36280886491559483
911821;88/2024;styrt;1;0.0017452006980802793;-0.36280886491559483
911821;88/2024;stärker;2;0.0034904013961605585;0.008974070863636597
911821;88/2024;stärkt;1;0.0017452006980802793;-0.36280886491559483
911821;88/2024;stöd;6;0.010471204188481676;1.4961058139805623
911821;88/2024;stöda;1;0.0017452006980802793;-0.36280886491559483
911821;88/2024;stödsummor;1;0.0017452006980802793;-0.36280886491559483
911821;88/2024;svenska;1;0.0017452006980802793;-0.36280886491559483
911821;88/2024;svårt;1;0.0017452006980802793;-0.36280886491559483
911821;88/2024;syfte;1;0.0017452006980802793;-0.36280886491559483
911821;88/2024;sända;1;0.0017452006980802793;-0.36280886491559483
911821;88/2024;sätt;1;0.0017452006980802793;-0.36280886491559483
911821;88/2024;så;2;0.0034904013961605585;0.008974070863636597
911821;88/2024;såldes;1;0.0017452006980802793;-0.36280886491559483
911821;88/2024;såsom;1;0.0017452006980802793;-0.36280886491559483
911821;88/2024;tacksamma;1;0.0017452006980802793;-0.36280886491559483
911821;88/2024;talar;1;0.0017452006980802793;-0.36280886491559483
911821;88/2024;talman;3;0.005235602094240838;0.380757006642868
911821;88/2024;till;10;0.017452006980802792;2.983237557097488
911821;88/2024;tiotal;1;0.0017452006980802793;-0.36280886491559483
911821;88/2024;tolk;1;0.0017452006980802793;-0.36280886491559483
911821;88/2024;totalvärdet;1;0.0017452006980802793;-0.36280886491559483
911821;88/2024;tro;1;0.0017452006980802793;-0.36280886491559483
911821;88/2024;tror;1;0.0017452006980802793;-0.36280886491559483
911821;88/2024;tycker;1;0.0017452006980802793;-0.36280886491559483
911821;88/2024;tydligt;2;0.0034904013961605585;0.008974070863636597
911821;88/2024;under;2;0.0034904013961605585;0.008974070863636597
911821;88/2024;undrar;1;0.0017452006980802793;-0.36280886491559483
911821;88/2024;unga;3;0.005235602094240838;0.380757006642868
911821;88/2024;upp;1;0.0017452006980802793;-0.36280886491559483
911821;88/2024;upplandslagen;1;0.0017452006980802793;-0.36280886491559483
911821;88/2024;uppstår;1;0.0017452006980802793;-0.36280886491559483
911821;88/2024;ut;1;0.0017452006980802793;-0.36280886491559483
911821;88/2024;utan;1;0.0017452006980802793;-0.36280886491559483
911821;88/2024;utbetalade;1;0.0017452006980802793;-0.36280886491559483
911821;88/2024;utveckla;1;0.0017452006980802793;-0.36280886491559483
911821;88/2024;vad;1;0.0017452006980802793;-0.36280886491559483
911821;88/2024;vanda;1;0.0017452006980802793;-0.36280886491559483
911821;88/2024;var;3;0.005235602094240838;0.380757006642868
911821;88/2024;vara;1;0.0017452006980802793;-0.36280886491559483
911821;88/2024;varenda;1;0.0017452006980802793;-0.36280886491559483
911821;88/2024;varför;2;0.0034904013961605585;0.008974070863636597
911821;88/2024;veckan;2;0.0034904013961605585;0.008974070863636597
911821;88/2024;vet;1;0.0017452006980802793;-0.36280886491559483
911821;88/2024;vi;11;0.019197207678883072;3.355020492876719
911821;88/2024;via;1;0.0017452006980802793;-0.36280886491559483
911821;88/2024;vill;7;0.012216404886561954;1.8678887497597938
911821;88/2024;visst;1;0.0017452006980802793;-0.36280886491559483
911821;88/2024;vore;2;0.0034904013961605585;0.008974070863636597
911821;88/2024;välbefinnande;4;0.006980802792321117;0.7525399424220995
911821;88/2024;välfärd;1;0.0017452006980802793;-0.36280886491559483
911821;88/2024;vänsteroppositionen;1;0.0017452006980802793;-0.36280886491559483
911821;88/2024;värde;1;0.0017452006980802793;-0.36280886491559483
911821;88/2024;värderade;3;0.005235602094240838;0.380757006642868
911821;88/2024;värderar;1;0.0017452006980802793;-0.36280886491559483
911821;88/2024;vår;3;0.005235602094240838;0.380757006642868
911821;88/2024;yttrandefrihet;1;0.0017452006980802793;-0.36280886491559483
911821;88/2024;ännu;1;0.0017452006980802793;-0.36280886491559483
911821;88/2024;är;18;0.031413612565445025;5.957501043331338
911821;88/2024;ärendet;1;0.0017452006980802793;-0.36280886491559483
911821;88/2024;åren;1;0.0017452006980802793;-0.36280886491559483
911821;88/2024;året;1;0.0017452006980802793;-0.36280886491559483
911821;88/2024;österbotten;1;0.0017452006980802793;-0.36280886491559483
911821;88/2024;österbottniska;1;0.0017452006980802793;-0.36280886491559483
911821;88/2024;över;1;0.0017452006980802793;-0.36280886491559483
911821;90/2024;alla;1;0.008695652173913044;-0.33382462516760486
911821;90/2024;alldeles;2;0.017391304347826087;0.49567898888523165
911821;90/2024;anpassningsåtgärderna;1;0.008695652173913044;-0.33382462516760486
911821;90/2024;arvoisa;1;0.008695652173913044;-0.33382462516760486
911821;90/2024;att;6;0.05217391304347826;3.8136934450965776
911821;90/2024;behöva;1;0.008695652173913044;-0.33382462516760486
911821;90/2024;budgetförslag;1;0.008695652173913044;-0.33382462516760486
911821;90/2024;den;1;0.008695652173913044;-0.33382462516760486
911821;90/2024;det;4;0.034782608695652174;2.1546862169909047
911821;90/2024;då;1;0.008695652173913044;-0.33382462516760486
911821;90/2024;ett;1;0.008695652173913044;-0.33382462516760486
911821;90/2024;euro;1;0.008695652173913044;-0.33382462516760486
911821;90/2024;exportkusten;1;0.008695652173913044;-0.33382462516760486
911821;90/2024;felaktiga;1;0.008695652173913044;-0.33382462516760486
911821;90/2024;finns;1;0.008695652173913044;-0.33382462516760486
911821;90/2024;flera;1;0.008695652173913044;-0.33382462516760486
911821;90/2024;forskning;1;0.008695652173913044;-0.33382462516760486
911821;90/2024;frestande;1;0.008695652173913044;-0.33382462516760486
911821;90/2024;fru;1;0.008695652173913044;-0.33382462516760486
911821;90/2024;fundera;1;0.008695652173913044;-0.33382462516760486
911821;90/2024;för;1;0.008695652173913044;-0.33382462516760486
911821;90/2024;företagen;1;0.008695652173913044;-0.33382462516760486
911821;90/2024;goda;1;0.008695652173913044;-0.33382462516760486
911821;90/2024;grundskolan;1;0.008695652173913044;-0.33382462516760486
911821;90/2024;har;1;0.008695652173913044;-0.33382462516760486
911821;90/2024;hittar;1;0.008695652173913044;-0.33382462516760486
911821;90/2024;här;1;0.008695652173913044;-0.33382462516760486
911821;90/2024;håller;1;0.008695652173913044;-0.33382462516760486
911821;90/2024;innovation;1;0.008695652173913044;-0.33382462516760486
911821;90/2024;investera;1;0.008695652173913044;-0.33382462516760486
911821;90/2024;jag;2;0.017391304347826087;0.49567898888523165
911821;90/2024;just;1;0.008695652173913044;-0.33382462516760486
911821;90/2024;klart;2;0.017391304347826087;0.49567898888523165
911821;90/2024;kommunerna;1;0.008695652173913044;-0.33382462516760486
911821;90/2024;konjunkturen;1;0.008695652173913044;-0.33382462516760486
911821;90/2024;lyfta;1;0.008695652173913044;-0.33382462516760486
911821;90/2024;man;1;0.008695652173913044;-0.33382462516760486
911821;90/2024;med;2;0.017391304347826087;0.49567898888523165
911821;90/2024;medborgarna;1;0.008695652173913044;-0.33382462516760486
911821;90/2024;men;2;0.017391304347826087;0.49567898888523165
911821;90/2024;mer;2;0.017391304347826087;0.49567898888523165
911821;90/2024;miljarder;1;0.008695652173913044;-0.33382462516760486
911821;90/2024;möjligt;1;0.008695652173913044;-0.33382462516760486
911821;90/2024;nedskärningar;1;0.008695652173913044;-0.33382462516760486
911821;90/2024;några;1;0.008695652173913044;-0.33382462516760486
911821;90/2024;nödvändiga;1;0.008695652173913044;-0.33382462516760486
911821;90/2024;nödvändigt;1;0.008695652173913044;-0.33382462516760486
911821;90/2024;och;4;0.034782608695652174;2.1546862169909047
911821;90/2024;om;1;0.008695652173913044;-0.33382462516760486
911821;90/2024;oss;1;0.008695652173913044;-0.33382462516760486
911821;90/2024;otrevliga;1;0.008695652173913044;-0.33382462516760486
911821;90/2024;puhemies;1;0.008695652173913044;-0.33382462516760486
911821;90/2024;på;7;0.06086956521739131;4.643197059149414
911821;90/2024;redo;1;0.008695652173913044;-0.33382462516760486
911821;90/2024;regeringen;1;0.008695652173913044;-0.33382462516760486
911821;90/2024;regeringens;1;0.008695652173913044;-0.33382462516760486
911821;90/2024;resurser;1;0.008695652173913044;-0.33382462516760486
911821;90/2024;rouva;1;0.008695652173913044;-0.33382462516760486
911821;90/2024;röra;1;0.008695652173913044;-0.33382462516760486
911821;90/2024;sagt;1;0.008695652173913044;-0.33382462516760486
911821;90/2024;satsningar;4;0.034782608695652174;2.1546862169909047
911821;90/2024;sedan;1;0.008695652173913044;-0.33382462516760486
911821;90/2024;sig;1;0.008695652173913044;-0.33382462516760486
911821;90/2024;ska;1;0.008695652173913044;-0.33382462516760486
911821;90/2024;skulle;1;0.008695652173913044;-0.33382462516760486
911821;90/2024;som;2;0.017391304347826087;0.49567898888523165
911821;90/2024;svänga;1;0.008695652173913044;-0.33382462516760486
911821;90/2024;synar;1;0.008695652173913044;-0.33382462516760486
911821;90/2024;så;1;0.008695652173913044;-0.33382462516760486
911821;90/2024;talman;1;0.008695652173913044;-0.33382462516760486
911821;90/2024;till;1;0.008695652173913044;-0.33382462516760486
911821;90/2024;tillträdde;1;0.008695652173913044;-0.33382462516760486
911821;90/2024;tillväxt;1;0.008695652173913044;-0.33382462516760486
911821;90/2024;underskott;1;0.008695652173913044;-0.33382462516760486
911821;90/2024;utveckling;1;0.008695652173913044;-0.33382462516760486
911821;90/2024;var;1;0.008695652173913044;-0.33382462516760486
911821;90/2024;välfärdsområdena;1;0.008695652173913044;-0.33382462516760486
911821;90/2024;ända;1;0.008695652173913044;-0.33382462516760486
911821;90/2024;ännu;1;0.008695652173913044;-0.33382462516760486
911821;90/2024;är;7;0.06086956521739131;4.643197059149414
911821;90/2024;ärade;1;0.008695652173913044;-0.33382462516760486
911821;90/2024;över;1;0.008695652173913044;-0.33382462516760486
911821;91/2025;anses;1;0.011904761904761904;-0.39341573862293105
911821;91/2025;ansvar;1;0.011904761904761904;-0.39341573862293105
911821;91/2025;av;3;0.03571428571428571;2.1244449885638277
911821;91/2025;behöver;2;0.023809523809523808;0.8655146249704483
911821;91/2025;byggts;1;0.011904761904761904;-0.39341573862293105
911821;91/2025;bära;1;0.011904761904761904;-0.39341573862293105
911821;91/2025;dag;1;0.011904761904761904;-0.39341573862293105
911821;91/2025;debatterar;1;0.011904761904761904;-0.39341573862293105
911821;91/2025;den;1;0.011904761904761904;-0.39341573862293105
911821;91/2025;det;5;0.05952380952380952;4.642305715750586
911821;91/2025;då;1;0.011904761904761904;-0.39341573862293105
911821;91/2025;en;3;0.03571428571428571;2.1244449885638277
911821;91/2025;ett;1;0.011904761904761904;-0.39341573862293105
911821;91/2025;finland;1;0.011904761904761904;-0.39341573862293105
911821;91/2025;finlands;1;0.011904761904761904;-0.39341573862293105
911821;91/2025;fru;1;0.011904761904761904;-0.39341573862293105
911821;91/2025;förtroende;1;0.011904761904761904;-0.39341573862293105
911821;91/2025;förvaltas;1;0.011904761904761904;-0.39341573862293105
911821;91/2025;förändrade;1;0.011904761904761904;-0.39341573862293105
911821;91/2025;gemensamt;1;0.011904761904761904;-0.39341573862293105
911821;91/2025;genom;1;0.011904761904761904;-0.39341573862293105
911821;91/2025;går;1;0.011904761904761904;-0.39341573862293105
911821;91/2025;har;1;0.011904761904761904;-0.39341573862293105
911821;91/2025;här;2;0.023809523809523808;0.8655146249704483
911821;91/2025;igenom;1;0.011904761904761904;-0.39341573862293105
911821;91/2025;innehåll;1;0.011904761904761904;-0.39341573862293105
911821;91/2025;inre;1;0.011904761904761904;-0.39341573862293105
911821;91/2025;just;1;0.011904761904761904;-0.39341573862293105
911821;91/2025;kan;2;0.023809523809523808;0.8655146249704483
911821;91/2025;landskap;1;0.011904761904761904;-0.39341573862293105
911821;91/2025;länder;1;0.011904761904761904;-0.39341573862293105
911821;91/2025;lång;1;0.011904761904761904;-0.39341573862293105
911821;91/2025;med;1;0.011904761904761904;-0.39341573862293105
911821;91/2025;minnet;1;0.011904761904761904;-0.39341573862293105
911821;91/2025;nu;1;0.011904761904761904;-0.39341573862293105
911821;91/2025;någonting;2;0.023809523809523808;0.8655146249704483
911821;91/2025;och;2;0.023809523809523808;0.8655146249704483
911821;91/2025;om;1;0.011904761904761904;-0.39341573862293105
911821;91/2025;redogörelsen;1;0.011904761904761904;-0.39341573862293105
911821;91/2025;rätta;1;0.011904761904761904;-0.39341573862293105
911821;91/2025;sitt;1;0.011904761904761904;-0.39341573862293105
911821;91/2025;som;4;0.047619047619047616;3.383375352157207
911821;91/2025;speglar;1;0.011904761904761904;-0.39341573862293105
911821;91/2025;stolta;1;0.011904761904761904;-0.39341573862293105
911821;91/2025;styrkor;1;0.011904761904761904;-0.39341573862293105
911821;91/2025;största;1;0.011904761904761904;-0.39341573862293105
911821;91/2025;säkerheten;1;0.011904761904761904;-0.39341573862293105
911821;91/2025;säkerhetspolitiska;1;0.011904761904761904;-0.39341573862293105
911821;91/2025;talman;1;0.011904761904761904;-0.39341573862293105
911821;91/2025;tid;1;0.011904761904761904;-0.39341573862293105
911821;91/2025;till;1;0.011904761904761904;-0.39341573862293105
911821;91/2025;tradition;1;0.011904761904761904;-0.39341573862293105
911821;91/2025;tryggaste;1;0.011904761904761904;-0.39341573862293105
911821;91/2025;trygghet;1;0.011904761904761904;-0.39341573862293105
911821;91/2025;under;1;0.011904761904761904;-0.39341573862293105
911821;91/2025;vara;1;0.011904761904761904;-0.39341573862293105
911821;91/2025;vi;3;0.03571428571428571;2.1244449885638277
911821;91/2025;väl;1;0.011904761904761904;-0.39341573862293105
911821;91/2025;världen;1;0.011904761904761904;-0.39341573862293105
911821;91/2025;världens;1;0.011904761904761904;-0.39341573862293105
911821;91/2025;våra;1;0.011904761904761904;-0.39341573862293105
911821;91/2025;är;3;0.03571428571428571;2.1244449885638277
911821;91/2025;ärade;1;0.011904761904761904;-0.39341573862293105
911821;91/2025;över;1;0.011904761904761904;-0.39341573862293105
911821;92/2024;arbete;1;0.019230769230769232;-0.41311338717435775
911821;92/2024;behöver;2;0.038461538461538464;1.3219628389579443
911821;92/2024;det;1;0.019230769230769232;-0.41311338717435775
911821;92/2024;därför;1;0.019230769230769232;-0.41311338717435775
911821;92/2024;endast;1;0.019230769230769232;-0.41311338717435775
911821;92/2024;ett;1;0.019230769230769232;-0.41311338717435775
911821;92/2024;finland;2;0.038461538461538464;1.3219628389579443
911821;92/2024;fler;1;0.019230769230769232;-0.41311338717435775
911821;92/2024;fokus;1;0.019230769230769232;-0.41311338717435775
911821;92/2024;framgångsrika;1;0.019230769230769232;-0.41311338717435775
911821;92/2024;företag;1;0.019230769230769232;-0.41311338717435775
911821;92/2024;haft;1;0.019230769230769232;-0.41311338717435775
911821;92/2024;har;2;0.038461538461538464;1.3219628389579443
911821;92/2024;hälinää;1;0.019230769230769232;-0.41311338717435775
911821;92/2024;inte;1;0.019230769230769232;-0.41311338717435775
911821;92/2024;investeringar;1;0.019230769230769232;-0.41311338717435775
911821;92/2024;just;1;0.019230769230769232;-0.41311338717435775
911821;92/2024;kan;1;0.019230769230769232;-0.41311338717435775
911821;92/2024;koputtaa;1;0.019230769230769232;-0.41311338717435775
911821;92/2024;med;1;0.019230769230769232;-0.41311338717435775
911821;92/2024;mer;1;0.019230769230769232;-0.41311338717435775
911821;92/2024;människor;1;0.019230769230769232;-0.41311338717435775
911821;92/2024;nya;1;0.019230769230769232;-0.41311338717435775
911821;92/2024;och;2;0.038461538461538464;1.3219628389579443
911821;92/2024;puhemies;1;0.019230769230769232;-0.41311338717435775
911821;92/2024;punkters;1;0.019230769230769232;-0.41311338717435775
911821;92/2024;på;3;0.057692307692307696;3.0570390650902466
911821;92/2024;servicen;1;0.019230769230769232;-0.41311338717435775
911821;92/2024;sfp;1;0.019230769230769232;-0.41311338717435775
911821;92/2024;sikt;1;0.019230769230769232;-0.41311338717435775
911821;92/2024;särskilt;1;0.019230769230769232;-0.41311338717435775
911821;92/2024;så;1;0.019230769230769232;-0.41311338717435775
911821;92/2024;talman;1;0.019230769230769232;-0.41311338717435775
911821;92/2024;tillväxt;3;0.057692307692307696;3.0570390650902466
911821;92/2024;tillväxtprogram;1;0.019230769230769232;-0.41311338717435775
911821;92/2024;trygga;1;0.019230769230769232;-0.41311338717435775
911821;92/2024;utarbetat;1;0.019230769230769232;-0.41311338717435775
911821;92/2024;vi;3;0.057692307692307696;3.0570390650902466
911821;92/2024;välfärden;1;0.019230769230769232;-0.41311338717435775
911821;92/2024;är;1;0.019230769230769232;-0.41311338717435775
911821;92/2024;ärade;1;0.019230769230769232;-0.41311338717435775
911821;92/2024;år;1;0.019230769230769232;-0.41311338717435775
911821;98/2024;afrikassa;1;0.007352941176470588;-0.2248875541405605
911821;98/2024;aikavälin;1;0.007352941176470588;-0.2248875541405605
911821;98/2024;akuutin;1;0.007352941176470588;-0.2248875541405605
911821;98/2024;arvoisa;1;0.007352941176470588;-0.2248875541405605
911821;98/2024;asiat;1;0.007352941176470588;-0.2248875541405605
911821;98/2024;asioihin;1;0.007352941176470588;-0.2248875541405605
911821;98/2024;avulla;1;0.007352941176470588;-0.2248875541405605
911821;98/2024;bktstä;1;0.007352941176470588;-0.2248875541405605
911821;98/2024;edistä;1;0.007352941176470588;-0.2248875541405605
911821;98/2024;ei;1;0.007352941176470588;-0.2248875541405605
911821;98/2024;emme;2;0.014705882352941176;1.0066395280577467
911821;98/2024;esimerkiksi;1;0.007352941176470588;-0.2248875541405605
911821;98/2024;että;4;0.029411764705882353;3.469693692454361
911821;98/2024;fru;1;0.007352941176470588;-0.2248875541405605
911821;98/2024;globaali;1;0.007352941176470588;-0.2248875541405605
911821;98/2024;hallitus;1;0.007352941176470588;-0.2248875541405605
911821;98/2024;huolehdittava;1;0.007352941176470588;-0.2248875541405605
911821;98/2024;hyvää;1;0.007352941176470588;-0.2248875541405605
911821;98/2024;ja;7;0.051470588235294115;7.164274939049283
911821;98/2024;joilla;1;0.007352941176470588;-0.2248875541405605
911821;98/2024;joita;1;0.007352941176470588;-0.2248875541405605
911821;98/2024;juuri;1;0.007352941176470588;-0.2248875541405605
911821;98/2024;jättämän;1;0.007352941176470588;-0.2248875541405605
911821;98/2024;kaikkein;1;0.007352941176470588;-0.2248875541405605
911821;98/2024;kaltaiset;1;0.007352941176470588;-0.2248875541405605
911821;98/2024;kannettava;1;0.007352941176470588;-0.2248875541405605
911821;98/2024;kasvun;1;0.007352941176470588;-0.2248875541405605
911821;98/2024;kasvuun;1;0.007352941176470588;-0.2248875541405605
911821;98/2024;kaupankäyntiä;1;0.007352941176470588;-0.2248875541405605
911821;98/2024;kehitys;1;0.007352941176470588;-0.2248875541405605
911821;98/2024;kehitysmaiden;1;0.007352941176470588;-0.2248875541405605
911821;98/2024;kehitysyhteistyömäärärahojaan;1;0.007352941176470588;-0.2248875541405605
911821;98/2024;kehitysyhteistyömäärärahojemme;1;0.007352941176470588;-0.2248875541405605
911821;98/2024;kehitysyhteistyömäärärahojen;1;0.007352941176470588;-0.2248875541405605
911821;98/2024;kehitysyhteistyön;1;0.007352941176470588;-0.2248875541405605
911821;98/2024;kehitysyhteistyötä;1;0.007352941176470588;-0.2248875541405605
911821;98/2024;kestävän;1;0.007352941176470588;-0.2248875541405605
911821;98/2024;kiinan;1;0.007352941176470588;-0.2248875541405605
911821;98/2024;koska;1;0.007352941176470588;-0.2248875541405605
911821;98/2024;kriisiavun;1;0.007352941176470588;-0.2248875541405605
911821;98/2024;kun;1;0.007352941176470588;-0.2248875541405605
911821;98/2024;kysymyksiä;1;0.007352941176470588;-0.2248875541405605
911821;98/2024;köyhimmille;1;0.007352941176470588;-0.2248875541405605
911821;98/2024;lahjoitusmuotoisen;1;0.007352941176470588;-0.2248875541405605
911821;98/2024;länsimaat;1;0.007352941176470588;-0.2248875541405605
911821;98/2024;länsimaiden;1;0.007352941176470588;-0.2248875541405605
911821;98/2024;läsnäoloaan;1;0.007352941176470588;-0.2248875541405605
911821;98/2024;löydettävä;1;0.007352941176470588;-0.2248875541405605
911821;98/2024;maamme;1;0.007352941176470588;-0.2248875541405605
911821;98/2024;maat;1;0.007352941176470588;-0.2248875541405605
911821;98/2024;maille;1;0.007352941176470588;-0.2248875541405605
911821;98/2024;meidän;3;0.022058823529411766;2.238166610256054
911821;98/2024;meillä;1;0.007352941176470588;-0.2248875541405605
911821;98/2024;meitä;1;0.007352941176470588;-0.2248875541405605
911821;98/2024;merkitystä;1;0.007352941176470588;-0.2248875541405605
911821;98/2024;monet;1;0.007352941176470588;-0.2248875541405605
911821;98/2024;myöskään;1;0.007352941176470588;-0.2248875541405605
911821;98/2024;niitä;1;0.007352941176470588;-0.2248875541405605
911821;98/2024;näitä;1;0.007352941176470588;-0.2248875541405605
911821;98/2024;nämä;1;0.007352941176470588;-0.2248875541405605
911821;98/2024;oikeisiin;1;0.007352941176470588;-0.2248875541405605
911821;98/2024;olisi;1;0.007352941176470588;-0.2248875541405605
911821;98/2024;olla;2;0.014705882352941176;1.0066395280577467
911821;98/2024;on;6;0.04411764705882353;5.932747856850975
911821;98/2024;osuus;1;0.007352941176470588;-0.2248875541405605
911821;98/2024;paljon;1;0.007352941176470588;-0.2248875541405605
911821;98/2024;panostamme;1;0.007352941176470588;-0.2248875541405605
911821;98/2024;paranee;1;0.007352941176470588;-0.2248875541405605
911821;98/2024;pienentämällä;1;0.007352941176470588;-0.2248875541405605
911821;98/2024;pitkän;1;0.007352941176470588;-0.2248875541405605
911821;98/2024;prosenttia;2;0.014705882352941176;1.0066395280577467
911821;98/2024;puhemies;1;0.007352941176470588;-0.2248875541405605
911821;98/2024;päättänyt;1;0.007352941176470588;-0.2248875541405605
911821;98/2024;rouva;1;0.007352941176470588;-0.2248875541405605
911821;98/2024;saa;1;0.007352941176470588;-0.2248875541405605
911821;98/2024;saakaan;1;0.007352941176470588;-0.2248875541405605
911821;98/2024;se;1;0.007352941176470588;-0.2248875541405605
911821;98/2024;siitä;1;0.007352941176470588;-0.2248875541405605
911821;98/2024;siksi;1;0.007352941176470588;-0.2248875541405605
911821;98/2024;silmiämme;1;0.007352941176470588;-0.2248875541405605
911821;98/2024;siltä;1;0.007352941176470588;-0.2248875541405605
911821;98/2024;suunnattaisiin;1;0.007352941176470588;-0.2248875541405605
911821;98/2024;talman;1;0.007352941176470588;-0.2248875541405605
911821;98/2024;tapa;1;0.007352941176470588;-0.2248875541405605
911821;98/2024;tapoja;1;0.007352941176470588;-0.2248875541405605
911821;98/2024;tarkastella;2;0.014705882352941176;1.0066395280577467
911821;98/2024;tarvitaan;2;0.014705882352941176;1.0066395280577467
911821;98/2024;tavoitteenamme;1;0.007352941176470588;-0.2248875541405605
911821;98/2024;tavoitteita;1;0.007352941176470588;-0.2248875541405605
911821;98/2024;tehokkaasti;1;0.007352941176470588;-0.2248875541405605
911821;98/2024;tervetullut;1;0.007352941176470588;-0.2248875541405605
911821;98/2024;tilanne;1;0.007352941176470588;-0.2248875541405605
911821;98/2024;toimintatavassa;1;0.007352941176470588;-0.2248875541405605
911821;98/2024;tosiasialta;1;0.007352941176470588;-0.2248875541405605
911821;98/2024;tulee;1;0.007352941176470588;-0.2248875541405605
911821;98/2024;tulisi;1;0.007352941176470588;-0.2248875541405605
911821;98/2024;tyhjiön;1;0.007352941176470588;-0.2248875541405605
911821;98/2024;tämä;1;0.007352941176470588;-0.2248875541405605
911821;98/2024;tämänkaltainen;1;0.007352941176470588;-0.2248875541405605
911821;98/2024;tässä;1;0.007352941176470588;-0.2248875541405605
911821;98/2024;täyttävät;1;0.007352941176470588;-0.2248875541405605
911821;98/2024;ulkomaankauppaa;1;0.007352941176470588;-0.2248875541405605
911821;98/2024;ummistaa;1;0.007352941176470588;-0.2248875541405605
911821;98/2024;unohtaa;1;0.007352941176470588;-0.2248875541405605
911821;98/2024;uusi;1;0.007352941176470588;-0.2248875541405605
911821;98/2024;vaikka;1;0.007352941176470588;-0.2248875541405605
911821;98/2024;vain;1;0.007352941176470588;-0.2248875541405605
911821;98/2024;vastuumme;1;0.007352941176470588;-0.2248875541405605
911821;98/2024;venäjän;1;0.007352941176470588;-0.2248875541405605
911821;98/2024;voidaan;1;0.007352941176470588;-0.2248875541405605
911821;98/2024;vähentävät;1;0.007352941176470588;-0.2248875541405605
911821;98/2024;vähetessä;1;0.007352941176470588;-0.2248875541405605
911821;98/2024;yhdessä;1;0.007352941176470588;-0.2248875541405605
911821;98/2024;yhdistää;1;0.007352941176470588;-0.2248875541405605
911821;98/2024;ärade;1;0.007352941176470588;-0.2248875541405605
911821;99/2025;ansvarsfullt;1;0.007751937984496124;-0.37897923563582625
911821;99/2025;att;5;0.03875968992248062;3.8566710449998785
911821;99/2025;av;2;0.015503875968992248;0.6799333345231
911821;99/2025;begränsas;1;0.007751937984496124;-0.37897923563582625
911821;99/2025;behöver;1;0.007751937984496124;-0.37897923563582625
911821;99/2025;behövs;1;0.007751937984496124;-0.37897923563582625
911821;99/2025;blicken;1;0.007751937984496124;-0.37897923563582625
911821;99/2025;de;2;0.015503875968992248;0.6799333345231
911821;99/2025;delaktighet;1;0.007751937984496124;-0.37897923563582625
911821;99/2025;demokrati;1;0.007751937984496124;-0.37897923563582625
911821;99/2025;den;1;0.007751937984496124;-0.37897923563582625
911821;99/2025;det;3;0.023255813953488372;1.7388459046820262
911821;99/2025;detta;1;0.007751937984496124;-0.37897923563582625
911821;99/2025;ekonomiska;1;0.007751937984496124;-0.37897923563582625
911821;99/2025;en;4;0.031007751937984496;2.7977584748409523
911821;99/2025;ett;2;0.015503875968992248;0.6799333345231
911821;99/2025;fortsätta;1;0.007751937984496124;-0.37897923563582625
911821;99/2025;framtidsarbetet;1;0.007751937984496124;-0.37897923563582625
911821;99/2025;framtidsredogörelse;1;0.007751937984496124;-0.37897923563582625
911821;99/2025;fred;1;0.007751937984496124;-0.37897923563582625
911821;99/2025;frihet;1;0.007751937984496124;-0.37897923563582625
911821;99/2025;fru;1;0.007751937984496124;-0.37897923563582625
911821;99/2025;får;1;0.007751937984496124;-0.37897923563582625
911821;99/2025;för;3;0.023255813953488372;1.7388459046820262
911821;99/2025;förändring;1;0.007751937984496124;-0.37897923563582625
911821;99/2025;förändringar;1;0.007751937984496124;-0.37897923563582625
911821;99/2025;geopolitiska;1;0.007751937984496124;-0.37897923563582625
911821;99/2025;ha;1;0.007751937984496124;-0.37897923563582625
911821;99/2025;handlar;1;0.007751937984496124;-0.37897923563582625
911821;99/2025;har;3;0.023255813953488372;1.7388459046820262
911821;99/2025;hjälpt;1;0.007751937984496124;-0.37897923563582625
911821;99/2025;hjärtan;1;0.007751937984496124;-0.37897923563582625
911821;99/2025;här;1;0.007751937984496124;-0.37897923563582625
911821;99/2025;inte;1;0.007751937984496124;-0.37897923563582625
911821;99/2025;internationellt;1;0.007751937984496124;-0.37897923563582625
911821;99/2025;just;2;0.015503875968992248;0.6799333345231
911821;99/2025;jämställdhet;1;0.007751937984496124;-0.37897923563582625
911821;99/2025;kanske;1;0.007751937984496124;-0.37897923563582625
911821;99/2025;kristallisera;1;0.007751937984496124;-0.37897923563582625
911821;99/2025;lyfta;1;0.007751937984496124;-0.37897923563582625
911821;99/2025;långsiktigt;2;0.015503875968992248;0.6799333345231
911821;99/2025;med;1;0.007751937984496124;-0.37897923563582625
911821;99/2025;mer;1;0.007751937984496124;-0.37897923563582625
911821;99/2025;mod;1;0.007751937984496124;-0.37897923563582625
911821;99/2025;navigera;1;0.007751937984496124;-0.37897923563582625
911821;99/2025;när;1;0.007751937984496124;-0.37897923563582625
911821;99/2025;nära;1;0.007751937984496124;-0.37897923563582625
911821;99/2025;någonsin;1;0.007751937984496124;-0.37897923563582625
911821;99/2025;och;7;0.05426356589147287;5.974496185317731
911821;99/2025;om;2;0.015503875968992248;0.6799333345231
911821;99/2025;omkring;1;0.007751937984496124;-0.37897923563582625
911821;99/2025;oss;2;0.015503875968992248;0.6799333345231
911821;99/2025;osäkerhet;1;0.007751937984496124;-0.37897923563582625
911821;99/2025;politisk;1;0.007751937984496124;-0.37897923563582625
911821;99/2025;positiv;1;0.007751937984496124;-0.37897923563582625
911821;99/2025;präglad;1;0.007751937984496124;-0.37897923563582625
911821;99/2025;på;1;0.007751937984496124;-0.37897923563582625
911821;99/2025;påminna;1;0.007751937984496124;-0.37897923563582625
911821;99/2025;redskap;1;0.007751937984496124;-0.37897923563582625
911821;99/2025;regeringens;1;0.007751937984496124;-0.37897923563582625
911821;99/2025;rättsstat;1;0.007751937984496124;-0.37897923563582625
911821;99/2025;snabba;1;0.007751937984496124;-0.37897923563582625
911821;99/2025;som;4;0.031007751937984496;2.7977584748409523
911821;99/2025;språng;1;0.007751937984496124;-0.37897923563582625
911821;99/2025;spänningar;1;0.007751937984496124;-0.37897923563582625
911821;99/2025;stark;1;0.007751937984496124;-0.37897923563582625
911821;99/2025;stå;1;0.007751937984496124;-0.37897923563582625
911821;99/2025;står;1;0.007751937984496124;-0.37897923563582625
911821;99/2025;stått;1;0.007751937984496124;-0.37897923563582625
911821;99/2025;talman;1;0.007751937984496124;-0.37897923563582625
911821;99/2025;teknologiska;1;0.007751937984496124;-0.37897923563582625
911821;99/2025;tid;1;0.007751937984496124;-0.37897923563582625
911821;99/2025;tidigare;1;0.007751937984496124;-0.37897923563582625
911821;99/2025;till;1;0.007751937984496124;-0.37897923563582625
911821;99/2025;trend;1;0.007751937984496124;-0.37897923563582625
911821;99/2025;tror;1;0.007751937984496124;-0.37897923563582625
911821;99/2025;tänka;2;0.015503875968992248;0.6799333345231
911821;99/2025;upp;1;0.007751937984496124;-0.37897923563582625
911821;99/2025;uppmärksamhet;1;0.007751937984496124;-0.37897923563582625
911821;99/2025;utan;1;0.007751937984496124;-0.37897923563582625
911821;99/2025;utbildning;1;0.007751937984496124;-0.37897923563582625
911821;99/2025;utmaningar;1;0.007751937984496124;-0.37897923563582625
911821;99/2025;valperiod;1;0.007751937984496124;-0.37897923563582625
911821;99/2025;verktyg;1;0.007751937984496124;-0.37897923563582625
911821;99/2025;vi;2;0.015503875968992248;0.6799333345231
911821;99/2025;vikten;1;0.007751937984496124;-0.37897923563582625
911821;99/2025;väckt;1;0.007751937984496124;-0.37897923563582625
911821;99/2025;värderingar;1;0.007751937984496124;-0.37897923563582625
911821;99/2025;värderingarna;1;0.007751937984496124;-0.37897923563582625
911821;99/2025;världen;1;0.007751937984496124;-0.37897923563582625
911821;99/2025;våra;1;0.007751937984496124;-0.37897923563582625
911821;99/2025;än;1;0.007751937984496124;-0.37897923563582625
911821;99/2025;är;3;0.023255813953488372;1.7388459046820262
911821;99/2025;ärade;1;0.007751937984496124;-0.37897923563582625
911821;99/2025;även;2;0.015503875968992248;0.6799333345231
