speaker_id;session;speech_id;word;word_n
1491;18/2023;2023_18_167;arvoisa;2
1491;18/2023;2023_18_167;rouva;1
1491;18/2023;2023_18_167;puhemies;3
1491;18/2023;2023_18_167;äradtaa;1
1491;18/2023;2023_18_167;talma;1
1491;18/2023;2023_18_167;suomi;5
1491;18/2023;2023_18_167;marsalkka;1
1491;18/2023;2023_18_167;ja;20
1491;18/2023;2023_18_167;tasavalta;1
1491;18/2023;2023_18_167;kuudes;1
1491;18/2023;2023_18_167;presidentti;2
1491;18/2023;2023_18_167;mannerheim;1
1491;18/2023;2023_18_167;todeta;1
1491;18/2023;2023_18_167;aika;3
1491;18/2023;2023_18_167;näin;2
1491;18/2023;2023_18_167;eripura;2
1491;18/2023;2023_18_167;oma;2
1491;18/2023;2023_18_167;joukko;3
1491;18/2023;2023_18_167;iskeä;2
1491;18/2023;2023_18_167;pahasti;1
1491;18/2023;2023_18_167;kuin;3
1491;18/2023;2023_18_167;vihollinen;2
1491;18/2023;2023_18_167;miekka;2
1491;18/2023;2023_18_167;tämä;19
1491;18/2023;2023_18_167;sana;1
1491;18/2023;2023_18_167;olla;25
1491;18/2023;2023_18_167;minä;21
1491;18/2023;2023_18_167;mieli;5
1491;18/2023;2023_18_167;erittäin;1
1491;18/2023;2023_18_167;ajankohtainen;1
1491;18/2023;2023_18_167;maailmanpolitiikka;1
1491;18/2023;2023_18_167;tilanne;1
1491;18/2023;2023_18_167;vakavasti;1
1491;18/2023;2023_18_167;ei;4
1491;18/2023;2023_18_167;luonnollisesti;2
1491;18/2023;2023_18_167;tarkoittaa;1
1491;18/2023;2023_18_167;sali;2
1491;18/2023;2023_18_167;yksimielisyys;1
1491;18/2023;2023_18_167;demokratia;3
1491;18/2023;2023_18_167;saada;4
1491;18/2023;2023_18_167;pitää;2
1491;18/2023;2023_18_167;eri;2
1491;18/2023;2023_18_167;se;8
1491;18/2023;2023_18_167;vahvuus;2
1491;18/2023;2023_18_167;kuulua;2
1491;18/2023;2023_18_167;sananvapaus;1
1491;18/2023;2023_18_167;mutta;2
1491;18/2023;2023_18_167;kyllä;1
1491;18/2023;2023_18_167;myös;4
1491;18/2023;2023_18_167;kunnioittava;1
1491;18/2023;2023_18_167;käytös;1
1491;18/2023;2023_18_167;keskustelukulttuuri;1
1491;18/2023;2023_18_167;joka;5
1491;18/2023;2023_18_167;hyvä;6
1491;18/2023;2023_18_167;edustaja;2
1491;18/2023;2023_18_167;esimerkki;2
1491;18/2023;2023_18_167;yhteiskunta;3
1491;18/2023;2023_18_167;avauspuheenvuoro;1
1491;18/2023;2023_18_167;viime;2
1491;18/2023;2023_18_167;viikko;1
1491;18/2023;2023_18_167;tiistai;1
1491;18/2023;2023_18_167;sekä;2
1491;18/2023;2023_18_167;pääministeri;1
1491;18/2023;2023_18_167;orpo;1
1491;18/2023;2023_18_167;että;6
1491;18/2023;2023_18_167;lindtman;1
1491;18/2023;2023_18_167;nostaa;1
1491;18/2023;2023_18_167;esille;1
1491;18/2023;2023_18_167;yhteistyö;2
1491;18/2023;2023_18_167;merkitys;2
1491;18/2023;2023_18_167;haluta;1
1491;18/2023;2023_18_167;palata;1
1491;18/2023;2023_18_167;yli;2
1491;18/2023;2023_18_167;puolueraja;1
1491;18/2023;2023_18_167;hallituskausi;1
1491;18/2023;2023_18_167;korostua;1
1491;18/2023;2023_18_167;hetki;5
1491;18/2023;2023_18_167;erityisesti;1
1491;18/2023;2023_18_167;kaksi;1
1491;18/2023;2023_18_167;isänmaa;2
1491;18/2023;2023_18_167;kanta;1
1491;18/2023;2023_18_167;hyvin;3
1491;18/2023;2023_18_167;keskeinen;1
1491;18/2023;2023_18_167;asia;4
1491;18/2023;2023_18_167;turvallisuus;5
1491;18/2023;2023_18_167;teknologia;3
1491;18/2023;2023_18_167;molemmat;1
1491;18/2023;2023_18_167;ystävä;2
1491;18/2023;2023_18_167;muutoskohta;1
1491;18/2023;2023_18_167;merkittävä;1
1491;18/2023;2023_18_167;päätös;1
1491;18/2023;2023_18_167;edessä;3
1491;18/2023;2023_18_167;nähdä;2
1491;18/2023;2023_18_167;hiljattain;2
1491;18/2023;2023_18_167;uutissivusto;1
1491;18/2023;2023_18_167;kuva;2
1491;18/2023;2023_18_167;pieni;2
1491;18/2023;2023_18_167;tyttö;1
1491;18/2023;2023_18_167;talo;1
1491;18/2023;2023_18_167;käytäntö;1
1491;18/2023;2023_18_167;tuhota;1
1491;18/2023;2023_18_167;maa;2
1491;18/2023;2023_18_167;tasa;1
1491;18/2023;2023_18_167;tiivistyä;1
1491;18/2023;2023_18_167;todellisuus;1
1491;18/2023;2023_18_167;keskellä;2
1491;18/2023;2023_18_167;miljoona;1
1491;18/2023;2023_18_167;ukrainalainen;1
1491;18/2023;2023_18_167;elää;3
1491;18/2023;2023_18_167;samanaikaisesti;1
1491;18/2023;2023_18_167;kun;2
1491;18/2023;2023_18_167;kiistellä;1
1491;18/2023;2023_18_167;keskustella;1
1491;18/2023;2023_18_167;hallitusohjelma;3
1491;18/2023;2023_18_167;eurooppa;2
1491;18/2023;2023_18_167;sota;3
1491;18/2023;2023_18_167;suuri;4
1491;18/2023;2023_18_167;inhimillinen;1
1491;18/2023;2023_18_167;kärsimys;1
1491;18/2023;2023_18_167;sitten;1
1491;18/2023;2023_18_167;toinen;1
1491;18/2023;2023_18_167;maailmansota;1
1491;18/2023;2023_18_167;realistisesti;1
1491;18/2023;2023_18_167;muistaa;1
1491;18/2023;2023_18_167;kaikki;1
1491;18/2023;2023_18_167;päättyminen;1
1491;18/2023;2023_18_167;vaihtoehto;1
1491;18/2023;2023_18_167;edelleen;1
1491;18/2023;2023_18_167;mahdollinen;1
1491;18/2023;2023_18_167;miten;2
1491;18/2023;2023_18_167;hyökkäyssota;1
1491;18/2023;2023_18_167;ukraina;2
1491;18/2023;2023_18_167;päättyä;1
1491;18/2023;2023_18_167;vaikuttaa;1
1491;18/2023;2023_18_167;keskeisesti;1
1491;18/2023;2023_18_167;suomalainen;3
1491;18/2023;2023_18_167;koko;1
1491;18/2023;2023_18_167;kansainvälinen;1
1491;18/2023;2023_18_167;järjestelmä;1
1491;18/2023;2023_18_167;yhteinen;2
1491;18/2023;2023_18_167;huolehtia;1
1491;18/2023;2023_18_167;päättäväisyys;1
1491;18/2023;2023_18_167;arvo;2
1491;18/2023;2023_18_167;kollega;2
1491;18/2023;2023_18_167;tarvita;3
1491;18/2023;2023_18_167;kansallinen;1
1491;18/2023;2023_18_167;puolustuskyky;1
1491;18/2023;2023_18_167;puolustustahto;1
1491;18/2023;2023_18_167;ylläpitäminen;1
1491;18/2023;2023_18_167;päivä;2
1491;18/2023;2023_18_167;viimeksi;1
1491;18/2023;2023_18_167;arvaamaton;1
1491;18/2023;2023_18_167;itänaapuri;1
1491;18/2023;2023_18_167;vieressä;1
1491;18/2023;2023_18_167;viikonloppu;1
1491;18/2023;2023_18_167;tapahtuma;1
1491;18/2023;2023_18_167;vasta;1
1491;18/2023;2023_18_167;alkusoitto;1
1491;18/2023;2023_18_167;tuleva;1
1491;18/2023;2023_18_167;samalla;1
1491;18/2023;2023_18_167;mittava;1
1491;18/2023;2023_18_167;henkinen;1
1491;18/2023;2023_18_167;muutos;1
1491;18/2023;2023_18_167;ensimmäinen;1
1491;18/2023;2023_18_167;kerta;1
1491;18/2023;2023_18_167;lukea;1
1491;18/2023;2023_18_167;sotilaallisesti;1
1491;18/2023;2023_18_167;liittoutua;1
1491;18/2023;2023_18_167;nato-suomi;1
1491;18/2023;2023_18_167;rakentaa;2
1491;18/2023;2023_18_167;yhdessä;3
1491;18/2023;2023_18_167;muun;2
1491;18/2023;2023_18_167;muassa;2
1491;18/2023;2023_18_167;kyetä;1
1491;18/2023;2023_18_167;nato;1
1491;18/2023;2023_18_167;osaamiskeskus;1
1491;18/2023;2023_18_167;kuten;1
1491;18/2023;2023_18_167;mainita;1
1491;18/2023;2023_18_167;profiili;1
1491;18/2023;2023_18_167;kokonaisturvallisuus;1
1491;18/2023;2023_18_167;kyberturvallisuus;1
1491;18/2023;2023_18_167;epävakaa;1
1491;18/2023;2023_18_167;unohtaa;1
1491;18/2023;2023_18_167;tärkeä;1
1491;18/2023;2023_18_167;nimittäin;1
1491;18/2023;2023_18_167;kansakunta;2
1491;18/2023;2023_18_167;sisäinen;2
1491;18/2023;2023_18_167;yhtenäisyys;1
1491;18/2023;2023_18_167;kirjoittaa;1
1491;18/2023;2023_18_167;kirja;1
1491;18/2023;2023_18_167;tulevaisuus;1
1491;18/2023;2023_18_167;uhkakuva;3
1491;18/2023;2023_18_167;ministeri;1
1491;18/2023;2023_18_167;jaakko;1
1491;18/2023;2023_18_167;iloniemi;1
1491;18/2023;2023_18_167;kanssa;1
1491;18/2023;2023_18_167;päätyä;1
1491;18/2023;2023_18_167;johtopäätös;1
1491;18/2023;2023_18_167;vakava;1
1491;18/2023;2023_18_167;tulla;2
1491;18/2023;2023_18_167;raja;1
1491;18/2023;2023_18_167;ulkopuoli;1
1491;18/2023;2023_18_167;vaan;1
1491;18/2023;2023_18_167;sisältä;1
1491;18/2023;2023_18_167;viitata;1
1491;18/2023;2023_18_167;riitelevä;1
1491;18/2023;2023_18_167;epäyhtenäinen;1
1491;18/2023;2023_18_167;eripurainen;1
1491;18/2023;2023_18_167;tapahtua;1
1491;18/2023;2023_18_167;täällä;1
1491;18/2023;2023_18_167;eduskunta;3
1491;18/2023;2023_18_167;yhteishenki;1
1491;18/2023;2023_18_167;arpoa;1
1491;18/2023;2023_18_167;luultavasti;1
1491;18/2023;2023_18_167;yksi;1
1491;18/2023;2023_18_167;ihmiskunta;2
1491;18/2023;2023_18_167;muutostrendi;1
1491;18/2023;2023_18_167;vauhti;1
1491;18/2023;2023_18_167;kiihtyä;1
1491;18/2023;2023_18_167;puhua;1
1491;18/2023;2023_18_167;eli;1
1491;18/2023;2023_18_167;kehittää;1
1491;18/2023;2023_18_167;nopeasti;1
1491;18/2023;2023_18_167;radikaalisti;1
1491;18/2023;2023_18_167;koskaan;1
1491;18/2023;2023_18_167;aikaisemmin;1
1491;18/2023;2023_18_167;tarjota;1
1491;18/2023;2023_18_167;huikea;1
1491;18/2023;2023_18_167;mahdollisuus;2
1491;18/2023;2023_18_167;hyödyntää;1
1491;18/2023;2023_18_167;osaaminen;1
1491;18/2023;2023_18_167;uudenlainen;1
1491;18/2023;2023_18_167;todella;1
1491;18/2023;2023_18_167;teknologiapolitiikka;1
1491;18/2023;2023_18_167;mitä;2
1491;18/2023;2023_18_167;enemmän;1
1491;18/2023;2023_18_167;käyttö;1
1491;18/2023;2023_18_167;sitä;2
1491;18/2023;2023_18_167;viisas;1
1491;18/2023;2023_18_167;eettinen;1
1491;18/2023;2023_18_167;ihminen;1
1491;18/2023;2023_18_167;kyösti;1
1491;18/2023;2023_18_167;kallio;1
1491;18/2023;2023_18_167;lainata;1
1491;18/2023;2023_18_167;menestys;1
1491;18/2023;2023_18_167;vaatia;1
1491;18/2023;2023_18_167;rauha;1
1491;18/2023;2023_18_167;vastakohta;1
1491;18/2023;2023_18_167;käydä;1
1491;18/2023;2023_18_167;kysymys;1
1491;18/2023;2023_18_167;kielellinen;1
1491;18/2023;2023_18_167;tai;1
1491;18/2023;2023_18_167;yhteiskuntaluokka;1
1491;18/2023;2023_18_167;aatesuunta;1
1491;18/2023;2023_18_167;välinen;1
1491;18/2023;2023_18_167;eroavaisuus;1
1491;18/2023;2023_18_167;tekeminen;1
1491;18/2023;2023_18_167;maailmanaika;1
1491;18/2023;2023_18_167;loistava;1
1491;18/2023;2023_18_167;puhe;2
1491;21/2023;2023_21_272;arvoisa;3
1491;21/2023;2023_21_272;puhemies;3
1491;21/2023;2023_21_272;äradtaa;1
1491;21/2023;2023_21_272;talma;1
1491;21/2023;2023_21_272;minä;10
1491;21/2023;2023_21_272;olla;33
1491;21/2023;2023_21_272;hieno;1
1491;21/2023;2023_21_272;nähdä;1
1491;21/2023;2023_21_272;että;8
1491;21/2023;2023_21_272;täällä;5
1491;21/2023;2023_21_272;sali;1
1491;21/2023;2023_21_272;tänään;3
1491;21/2023;2023_21_272;mukana;2
1491;21/2023;2023_21_272;myös;9
1491;21/2023;2023_21_272;tunne;4
1491;21/2023;2023_21_272;kuulua;3
1491;21/2023;2023_21_272;politiikka;2
1491;21/2023;2023_21_272;rasismi;5
1491;21/2023;2023_21_272;inhimillisyys;1
1491;21/2023;2023_21_272;varsin;1
1491;21/2023;2023_21_272;yhdenmukainen;1
1491;21/2023;2023_21_272;linja;2
1491;21/2023;2023_21_272;suomi;5
1491;21/2023;2023_21_272;ei;5
1491;21/2023;2023_21_272;hyväksyä;1
1491;21/2023;2023_21_272;ihmisarvo;2
1491;21/2023;2023_21_272;loukkaamattomuus;1
1491;21/2023;2023_21_272;ja;19
1491;21/2023;2023_21_272;yhdenvertaisuus;4
1491;21/2023;2023_21_272;perusarvo;2
1491;21/2023;2023_21_272;ääriliike;1
1491;21/2023;2023_21_272;haluta;2
1491;21/2023;2023_21_272;antaa;1
1491;21/2023;2023_21_272;tila;1
1491;21/2023;2023_21_272;ihan;3
1491;21/2023;2023_21_272;selvä;2
1491;21/2023;2023_21_272;sana;2
1491;21/2023;2023_21_272;lisäksi;1
1491;21/2023;2023_21_272;tämä;8
1491;21/2023;2023_21_272;pitää;1
1491;21/2023;2023_21_272;näkyä;1
1491;21/2023;2023_21_272;teko;1
1491;21/2023;2023_21_272;niin;3
1491;21/2023;2023_21_272;linjaus;1
1491;21/2023;2023_21_272;kuin;2
1491;21/2023;2023_21_272;jokainen;3
1491;21/2023;2023_21_272;arkipäivä;1
1491;21/2023;2023_21_272;aina;1
1491;21/2023;2023_21_272;yhdenvertainen;1
1491;21/2023;2023_21_272;kun;1
1491;21/2023;2023_21_272;puhua;1
1491;21/2023;2023_21_272;nyt;1
1491;21/2023;2023_21_272;isänmaa;2
1491;21/2023;2023_21_272;se;6
1491;21/2023;2023_21_272;hallitus;1
1491;21/2023;2023_21_272;asia;6
1491;21/2023;2023_21_272;oppositio;1
1491;21/2023;2023_21_272;koko;1
1491;21/2023;2023_21_272;yhteiskunta;4
1491;21/2023;2023_21_272;kyllä;1
1491;21/2023;2023_21_272;sekä;1
1491;21/2023;2023_21_272;vilkas;1
1491;21/2023;2023_21_272;yhteiskunnallinen;1
1491;21/2023;2023_21_272;keskustelu;4
1491;21/2023;2023_21_272;eduskunta;1
1491;21/2023;2023_21_272;edelleen;2
1491;21/2023;2023_21_272;jatkua;1
1491;21/2023;2023_21_272;syrjimättömyys;1
1491;21/2023;2023_21_272;mieli;1
1491;21/2023;2023_21_272;osoittaa;1
1491;21/2023;2023_21_272;tehtävä;1
1491;21/2023;2023_21_272;vielä;1
1491;21/2023;2023_21_272;tärkeä;3
1491;21/2023;2023_21_272;itse;2
1491;21/2023;2023_21_272;kukin;1
1491;21/2023;2023_21_272;oppia;1
1491;21/2023;2023_21_272;ymmärtää;1
1491;21/2023;2023_21_272;hyvin;2
1491;21/2023;2023_21_272;muoto;1
1491;21/2023;2023_21_272;oma;2
1491;21/2023;2023_21_272;toiminta;1
1491;21/2023;2023_21_272;tekijä;2
1491;21/2023;2023_21_272;tai;3
1491;21/2023;2023_21_272;hiljainen;1
1491;21/2023;2023_21_272;hyväksyjä;1
1491;21/2023;2023_21_272;syrjintä;1
1491;21/2023;2023_21_272;puuttuminen;1
1491;21/2023;2023_21_272;luonnollisesti;2
1491;21/2023;2023_21_272;suomalainen;2
1491;21/2023;2023_21_272;kaikki;1
1491;21/2023;2023_21_272;voida;2
1491;21/2023;2023_21_272;saada;1
1491;21/2023;2023_21_272;rakentaa;1
1491;21/2023;2023_21_272;joka;1
1491;21/2023;2023_21_272;elää;1
1491;21/2023;2023_21_272;turva;1
1491;21/2023;2023_21_272;hyväksytty;1
1491;21/2023;2023_21_272;sisäinen;2
1491;21/2023;2023_21_272;ulkoinen;1
1491;21/2023;2023_21_272;turvallisuus;3
1491;21/2023;2023_21_272;opetus;1
1491;21/2023;2023_21_272;venäjä;1
1491;21/2023;2023_21_272;hyökkäyssota;1
1491;21/2023;2023_21_272;ukraina;1
1491;21/2023;2023_21_272;nimenomaan;1
1491;21/2023;2023_21_272;puolustaja;1
1491;21/2023;2023_21_272;yhtenäisyys;1
1491;21/2023;2023_21_272;tahto;1
1491;21/2023;2023_21_272;puolustaa;1
1491;21/2023;2023_21_272;maa;1
1491;21/2023;2023_21_272;ylivoimainen;1
1491;21/2023;2023_21_272;tuntua;1
1491;21/2023;2023_21_272;vihollinen;1
1491;21/2023;2023_21_272;edessä;1
1491;21/2023;2023_21_272;yhtenäinen;1
1491;21/2023;2023_21_272;kansa;1
1491;21/2023;2023_21_272;merkitys;1
1491;21/2023;2023_21_272;korostua;1
1491;21/2023;2023_21_272;entisestään;1
1491;21/2023;2023_21_272;maailmanpolitiikka;1
1491;21/2023;2023_21_272;epävakaa;1
1491;21/2023;2023_21_272;aika;2
1491;21/2023;2023_21_272;hyvä;4
1491;21/2023;2023_21_272;huomioida;1
1491;21/2023;2023_21_272;ulko;1
1491;21/2023;2023_21_272;turvallisuuspolitiikka;1
1491;21/2023;2023_21_272;perusta;1
1491;21/2023;2023_21_272;oikeusvaltioperiaate;1
1491;21/2023;2023_21_272;ihmisoikeus;1
1491;21/2023;2023_21_272;tasa-arvo;1
1491;21/2023;2023_21_272;demokratia;2
1491;21/2023;2023_21_272;keskusteluilmapiiri;2
1491;21/2023;2023_21_272;turvallisuusasia;1
1491;21/2023;2023_21_272;täytyä;1
1491;21/2023;2023_21_272;sanoa;1
1491;21/2023;2023_21_272;huolestua;1
1491;21/2023;2023_21_272;seurata;1
1491;21/2023;2023_21_272;viime;1
1491;21/2023;2023_21_272;kuukausi;1
1491;21/2023;2023_21_272;yhä;2
1491;21/2023;2023_21_272;kärjekäs;1
1491;21/2023;2023_21_272;vastakkainasettelu;1
1491;21/2023;2023_21_272;edistää;1
1491;21/2023;2023_21_272;onneksi;1
1491;21/2023;2023_21_272;asiallinen;1
1491;21/2023;2023_21_272;mutta;1
1491;21/2023;2023_21_272;iso;1
1491;21/2023;2023_21_272;kuva;1
1491;21/2023;2023_21_272;suuntaus;1
1491;21/2023;2023_21_272;valitettavasti;1
1491;21/2023;2023_21_272;näyttää;1
1491;21/2023;2023_21_272;mennä;1
1491;21/2023;2023_21_272;enemmän;1
1491;21/2023;2023_21_272;kärjistävä;1
1491;21/2023;2023_21_272;epäasiallinen;1
1491;21/2023;2023_21_272;suunta;1
1491;21/2023;2023_21_272;tarvita;1
1491;21/2023;2023_21_272;ystävä;1
1491;21/2023;2023_21_272;ryhtiliike;1
1491;21/2023;2023_21_272;rakentava;1
1491;21/2023;2023_21_272;toimiva;1
1491;21/2023;2023_21_272;perusedellytys;1
1491;21/2023;2023_21_272;sitten;2
1491;21/2023;2023_21_272;kysymys;2
1491;21/2023;2023_21_272;jokin;1
1491;21/2023;2023_21_272;muu;1
1491;21/2023;2023_21_272;yhteiskunnallisesti;1
1491;21/2023;2023_21_272;merkittävä;1
1491;21/2023;2023_21_272;kyse;2
1491;21/2023;2023_21_272;sanavapaus;2
1491;21/2023;2023_21_272;kaventaminen;1
1491;21/2023;2023_21_272;vaan;1
1491;21/2023;2023_21_272;liittyä;1
1491;21/2023;2023_21_272;vastuu;1
1491;21/2023;2023_21_272;toinen;2
1491;21/2023;2023_21_272;kunnioittaa;1
1491;21/2023;2023_21_272;tapa;2
1491;21/2023;2023_21_272;keskustella;1
1491;21/2023;2023_21_272;kuulla;1
1491;21/2023;2023_21_272;mikä;1
1491;21/2023;2023_21_272;moni;1
1491;21/2023;2023_21_272;kerta;1
1491;21/2023;2023_21_272;korostaa;1
1491;21/2023;2023_21_272;tuossa;1
1491;21/2023;2023_21_272;aikaisemmin;1
1491;21/2023;2023_21_272;jo;1
1491;21/2023;2023_21_272;debatti;1
1491;21/2023;2023_21_272;siteerata;1
1491;21/2023;2023_21_272;kyösti;1
1491;21/2023;2023_21_272;kallio;1
1491;21/2023;2023_21_272;presidentti;1
1491;21/2023;2023_21_272;tehdä;1
1491;21/2023;2023_21_272;uudelleen;1
1491;21/2023;2023_21_272;koska;1
1491;21/2023;2023_21_272;hän;1
1491;21/2023;2023_21_272;näkökulma;1
1491;21/2023;2023_21_272;hetki;1
1491;21/2023;2023_21_272;sopia;1
1491;21/2023;2023_21_272;erittäin;1
1491;21/2023;2023_21_272;kansakunta;1
1491;21/2023;2023_21_272;menestys;1
1491;21/2023;2023_21_272;vaatia;1
1491;21/2023;2023_21_272;rauha;1
1491;21/2023;2023_21_272;mitä;1
1491;21/2023;2023_21_272;pieni;1
1491;21/2023;2023_21_272;vastakohta;1
1491;21/2023;2023_21_272;käydä;1
1491;21/2023;2023_21_272;kielellinen;1
1491;21/2023;2023_21_272;eri;1
1491;21/2023;2023_21_272;yhteiskuntaluokka;1
1491;21/2023;2023_21_272;aatesuunta;1
1491;21/2023;2023_21_272;välinen;1
1491;21/2023;2023_21_272;eroavaisuus;1
1491;21/2023;2023_21_272;sitä;1
1491;21/2023;2023_21_272;kiitos;1
1491;77/2023;2023_77_78;arvoisa;3
1491;77/2023;2023_77_78;puhemies;3
1491;77/2023;2023_77_78;minä;7
1491;77/2023;2023_77_78;alkaa;2
1491;77/2023;2023_77_78;olla;23
1491;77/2023;2023_77_78;takana;1
1491;77/2023;2023_77_78;historiallinen;1
1491;77/2023;2023_77_78;ja;17
1491;77/2023;2023_77_78;käänteentekevä;1
1491;77/2023;2023_77_78;suomi;12
1491;77/2023;2023_77_78;ulko;1
1491;77/2023;2023_77_78;turvallisuuspolitiikka;1
1491;77/2023;2023_77_78;vuosi;1
1491;77/2023;2023_77_78;turvallisuuspoliittinen;1
1491;77/2023;2023_77_78;asema;4
1491;77/2023;2023_77_78;kuten;2
1491;77/2023;2023_77_78;tietää;1
1491;77/2023;2023_77_78;muuttua;1
1491;77/2023;2023_77_78;aivan;2
1491;77/2023;2023_77_78;olennainen;1
1491;77/2023;2023_77_78;tapa;2
1491;77/2023;2023_77_78;nato-jäsenyys;3
1491;77/2023;2023_77_78;myötä;2
1491;77/2023;2023_77_78;sekä;3
1491;77/2023;2023_77_78;nyt;7
1491;77/2023;2023_77_78;tämä;3
1491;77/2023;2023_77_78;viikko;1
1491;77/2023;2023_77_78;allekirjoittaa;1
1491;77/2023;2023_77_78;dca-puolustusyhteistyöpimus;1
1491;77/2023;2023_77_78;mieli;2
1491;77/2023;2023_77_78;ei;7
1491;77/2023;2023_77_78;ollenkaan;1
1491;77/2023;2023_77_78;liioiteltu;1
1491;77/2023;2023_77_78;todeta;4
1491;77/2023;2023_77_78;että;8
1491;77/2023;2023_77_78;uusi;2
1491;77/2023;2023_77_78;aikakausi;1
1491;77/2023;2023_77_78;konkreettisesti;2
1491;77/2023;2023_77_78;henkisesti;1
1491;77/2023;2023_77_78;vanha;1
1491;77/2023;2023_77_78;pelko;1
1491;77/2023;2023_77_78;enää;1
1491;77/2023;2023_77_78;koskaan;2
1491;77/2023;2023_77_78;yksin;1
1491;77/2023;2023_77_78;menneisyys;1
1491;77/2023;2023_77_78;vaikka;1
1491;77/2023;2023_77_78;maailma;1
1491;77/2023;2023_77_78;lähialue;1
1491;77/2023;2023_77_78;myrskytä;1
1491;77/2023;2023_77_78;niin;1
1491;77/2023;2023_77_78;voida;1
1491;77/2023;2023_77_78;turvallinen;1
1491;77/2023;2023_77_78;kuin;1
1491;77/2023;2023_77_78;aikaisemmin;1
1491;77/2023;2023_77_78;itsenäisyys;1
1491;77/2023;2023_77_78;aika;1
1491;77/2023;2023_77_78;samalla;1
1491;77/2023;2023_77_78;toki;1
1491;77/2023;2023_77_78;hyvä;3
1491;77/2023;2023_77_78;korostaa;1
1491;77/2023;2023_77_78;turvallisuus;3
1491;77/2023;2023_77_78;tärkeä;1
1491;77/2023;2023_77_78;tae;1
1491;77/2023;2023_77_78;jatko;1
1491;77/2023;2023_77_78;maanpuolustustahtoinen;1
1491;77/2023;2023_77_78;kykyinen;1
1491;77/2023;2023_77_78;oma;3
1491;77/2023;2023_77_78;kansa;1
1491;77/2023;2023_77_78;kaikki;1
1491;77/2023;2023_77_78;lähteä;1
1491;77/2023;2023_77_78;henki;1
1491;77/2023;2023_77_78;nimenomaan;3
1491;77/2023;2023_77_78;yhteishenki;1
1491;77/2023;2023_77_78;natosofasopimus;1
1491;77/2023;2023_77_78;koskea;2
1491;77/2023;2023_77_78;sotilasliitto;1
1491;77/2023;2023_77_78;jäsenvaltio;2
1491;77/2023;2023_77_78;joukko;7
1491;77/2023;2023_77_78;oikeudellinen;1
1491;77/2023;2023_77_78;kun;2
1491;77/2023;2023_77_78;se;4
1491;77/2023;2023_77_78;toimia;1
1491;77/2023;2023_77_78;toinen;2
1491;77/2023;2023_77_78;alue;2
1491;77/2023;2023_77_78;sopimus;3
1491;77/2023;2023_77_78;tarve;1
1491;77/2023;2023_77_78;korostua;1
1491;77/2023;2023_77_78;sotilaallinen;3
1491;77/2023;2023_77_78;liittoutuminen;1
1491;77/2023;2023_77_78;rauhanaikainen;1
1491;77/2023;2023_77_78;yhteistyö;1
1491;77/2023;2023_77_78;lisääntyä;1
1491;77/2023;2023_77_78;mikä;2
1491;77/2023;2023_77_78;esimerkki;1
1491;77/2023;2023_77_78;valtio;2
1491;77/2023;2023_77_78;yhdessä;1
1491;77/2023;2023_77_78;toteuttaa;1
1491;77/2023;2023_77_78;harjoitus;1
1491;77/2023;2023_77_78;pitkäaikainen;1
1491;77/2023;2023_77_78;sijoittaminen;1
1491;77/2023;2023_77_78;puhua;1
1491;77/2023;2023_77_78;tuore;1
1491;77/2023;2023_77_78;liittyä;1
1491;77/2023;2023_77_78;asia;1
1491;77/2023;2023_77_78;pitää;2
1491;77/2023;2023_77_78;kyse;1
1491;77/2023;2023_77_78;vieras;1
1491;77/2023;2023_77_78;puoli;1
1491;77/2023;2023_77_78;osa;1
1491;77/2023;2023_77_78;puolustus;2
1491;77/2023;2023_77_78;puolustusliitto;2
1491;77/2023;2023_77_78;yhteinen;3
1491;77/2023;2023_77_78;turvatakuu;1
1491;77/2023;2023_77_78;siis;1
1491;77/2023;2023_77_78;sama;1
1491;77/2023;2023_77_78;huoli;1
1491;77/2023;2023_77_78;käsittely;1
1491;77/2023;2023_77_78;alla;1
1491;77/2023;2023_77_78;jäsenyys;1
1491;77/2023;2023_77_78;mukana;1
1491;77/2023;2023_77_78;tuoda;1
1491;77/2023;2023_77_78;suoda;1
1491;77/2023;2023_77_78;suoja;1
1491;77/2023;2023_77_78;sujuva;2
1491;77/2023;2023_77_78;toiminta;1
1491;77/2023;2023_77_78;mahdollistaja;2
1491;77/2023;2023_77_78;piirtyä;1
1491;77/2023;2023_77_78;näkyä;1
1491;77/2023;2023_77_78;tavoite;1
1491;77/2023;2023_77_78;yhteistoiminta;1
1491;77/2023;2023_77_78;kannattaa;1
1491;77/2023;2023_77_78;tukea;1
1491;77/2023;2023_77_78;täällä;1
1491;77/2023;2023_77_78;sali;1
1491;77/2023;2023_77_78;aiemmin;1
1491;77/2023;2023_77_78;tänään;1
1491;77/2023;2023_77_78;yli;2
1491;77/2023;2023_77_78;puolue;1
1491;77/2023;2023_77_78;hallitusboppositioraja;1
1491;77/2023;2023_77_78;venäjä;3
1491;77/2023;2023_77_78;presidentti;1
1491;77/2023;2023_77_78;putin;1
1491;77/2023;2023_77_78;hiljattain;1
1491;77/2023;2023_77_78;kanssa;1
1491;77/2023;2023_77_78;tulla;2
1491;77/2023;2023_77_78;ongelma;2
1491;77/2023;2023_77_78;vastata;1
1491;77/2023;2023_77_78;kunhan;1
1491;77/2023;2023_77_78;itse;2
1491;77/2023;2023_77_78;aiheuttaa;1
1491;77/2023;2023_77_78;lupa;1
1491;77/2023;2023_77_78;myös;1
1491;77/2023;2023_77_78;suunta;1
1491;77/2023;2023_77_78;kreml;1
1491;77/2023;2023_77_78;reaktio;1
1491;77/2023;2023_77_78;kertoa;1
1491;77/2023;2023_77_78;ainoastaan;1
1491;77/2023;2023_77_78;paikka;2
1491;77/2023;2023_77_78;länsi;1
1491;77/2023;2023_77_78;muistaa;1
1491;77/2023;2023_77_78;kukaan;1
1491;77/2023;2023_77_78;vetää;1
1491;77/2023;2023_77_78;nato;1
1491;77/2023;2023_77_78;toimi;1
1491;77/2023;2023_77_78;työntää;1
1491;77/2023;2023_77_78;huolehtia;1
1491;77/2023;2023_77_78;luonnollisesti;1
1491;77/2023;2023_77_78;päättää;1
1491;77/2023;2023_77_78;yhteisö;1
1491;77/2023;2023_77_78;liittouma;1
1491;77/2023;2023_77_78;haluta;1
1491;77/2023;2023_77_78;kuulua;1
1491;77/2023;2023_77_78;maa;1
1491;77/2023;2023_77_78;joka;1
1491;77/2023;2023_77_78;kunnioittaa;1
1491;77/2023;2023_77_78;demokratia;1
1491;77/2023;2023_77_78;ihmisoikeus;1
1491;77/2023;2023_77_78;kansainvälinen;1
1491;77/2023;2023_77_78;kiitos;1
1491;60/2024;2024_60_50;arvoisa;2
1491;60/2024;2024_60_50;rouva;2
1491;60/2024;2024_60_50;puhemies;2
1491;60/2024;2024_60_50;olla;11
1491;60/2024;2024_60_50;todella;2
1491;60/2024;2024_60_50;juhlava;1
1491;60/2024;2024_60_50;tänään;3
1491;60/2024;2024_60_50;puhua;1
1491;60/2024;2024_60_50;täällä;1
1491;60/2024;2024_60_50;eduskunta;1
1491;60/2024;2024_60_50;puolustusyhteistyösopimus;3
1491;60/2024;2024_60_50;päivä;2
1491;60/2024;2024_60_50;jolloin;1
1491;60/2024;2024_60_50;viettää;1
1491;60/2024;2024_60_50;puolustusvoimat;1
1491;60/2024;2024_60_50;lippujuhla;1
1491;60/2024;2024_60_50;mutta;1
1491;60/2024;2024_60_50;myös;4
1491;60/2024;2024_60_50;toivo;4
1491;60/2024;2024_60_50;nimipäivä;1
1491;60/2024;2024_60_50;ja;18
1491;60/2024;2024_60_50;itse;2
1491;60/2024;2024_60_50;aina;2
1491;60/2024;2024_60_50;näyttäytyä;1
1491;60/2024;2024_60_50;ehkä;2
1491;60/2024;2024_60_50;tärkeä;3
1491;60/2024;2024_60_50;politiikka;1
1491;60/2024;2024_60_50;tekeminen;1
1491;60/2024;2024_60_50;asia;1
1491;60/2024;2024_60_50;luoda;2
1491;60/2024;2024_60_50;perusteltu;1
1491;60/2024;2024_60_50;tulevaisuudenusko;1
1491;60/2024;2024_60_50;se;6
1491;60/2024;2024_60_50;minä;13
1491;60/2024;2024_60_50;tämä;10
1491;60/2024;2024_60_50;maailmanaika;2
1491;60/2024;2024_60_50;epävakaa;2
1491;60/2024;2024_60_50;yhä;1
1491;60/2024;2024_60_50;käydä;1
1491;60/2024;2024_60_50;turvallisuusympäristö;1
1491;60/2024;2024_60_50;tarvita;1
1491;60/2024;2024_60_50;suomi;6
1491;60/2024;2024_60_50;suomalainen;4
1491;60/2024;2024_60_50;turvallisuus;5
1491;60/2024;2024_60_50;pitää;1
1491;60/2024;2024_60_50;poikkeuksellinen;1
1491;60/2024;2024_60_50;hyvä;3
1491;60/2024;2024_60_50;huoli;1
1491;60/2024;2024_60_50;nähdä;1
1491;60/2024;2024_60_50;että;8
1491;60/2024;2024_60_50;käsitellä;1
1491;60/2024;2024_60_50;yhdysvalta;2
1491;60/2024;2024_60_50;välinen;1
1491;60/2024;2024_60_50;turvallisuuspoliittinen;1
1491;60/2024;2024_60_50;henkivakuutus;1
1491;60/2024;2024_60_50;kolmas;2
1491;60/2024;2024_60_50;lenkki;3
1491;60/2024;2024_60_50;ensimmäinen;1
1491;60/2024;2024_60_50;kaikkein;1
1491;60/2024;2024_60_50;kuten;1
1491;60/2024;2024_60_50;tietää;1
1491;60/2024;2024_60_50;maanpuolustustahtoinen;1
1491;60/2024;2024_60_50;maanpuolustuskykyinen;1
1491;60/2024;2024_60_50;kansa;1
1491;60/2024;2024_60_50;saada;1
1491;60/2024;2024_60_50;toinen;2
1491;60/2024;2024_60_50;erittäin;2
1491;60/2024;2024_60_50;vahva;1
1491;60/2024;2024_60_50;sellainen;1
1491;60/2024;2024_60_50;viime;1
1491;60/2024;2024_60_50;vuosi;1
1491;60/2024;2024_60_50;kun;2
1491;60/2024;2024_60_50;liittyä;1
1491;60/2024;2024_60_50;nato;2
1491;60/2024;2024_60_50;artikla;1
1491;60/2024;2024_60_50;yhteistyösopimus;1
1491;60/2024;2024_60_50;nyt;1
1491;60/2024;2024_60_50;syventää;1
1491;60/2024;2024_60_50;verkko;1
1491;60/2024;2024_60_50;entisestään;1
1491;60/2024;2024_60_50;huolehtia;3
1491;60/2024;2024_60_50;sisällä;1
1491;60/2024;2024_60_50;vielä;1
1491;60/2024;2024_60_50;erityinen;1
1491;60/2024;2024_60_50;kumppanuus;1
1491;60/2024;2024_60_50;kumppanuusjärjestely;1
1491;60/2024;2024_60_50;joka;1
1491;60/2024;2024_60_50;osoittaa;1
1491;60/2024;2024_60_50;tahto;1
1491;60/2024;2024_60_50;kyky;1
1491;60/2024;2024_60_50;ennen;1
1491;60/2024;2024_60_50;kaikkea;1
1491;60/2024;2024_60_50;yhteistyökyky;1
1491;60/2024;2024_60_50;uskoa;2
1491;60/2024;2024_60_50;jokainen;1
1491;60/2024;2024_60_50;sali;2
1491;60/2024;2024_60_50;yhtyä;1
1491;60/2024;2024_60_50;ajatus;1
1491;60/2024;2024_60_50;tehtävä;1
1491;60/2024;2024_60_50;vakaus;2
1491;60/2024;2024_60_50;vaikka;1
1491;60/2024;2024_60_50;historia;1
1491;60/2024;2024_60_50;valo;1
1491;60/2024;2024_60_50;näyttää;1
1491;60/2024;2024_60_50;aika;1
1491;60/2024;2024_60_50;ajoin;1
1491;60/2024;2024_60_50;sota;2
1491;60/2024;2024_60_50;päästä;1
1491;60/2024;2024_60_50;yllättää;1
1491;60/2024;2024_60_50;kansakunta;1
1491;60/2024;2024_60_50;ei;2
1491;60/2024;2024_60_50;enää;1
1491;60/2024;2024_60_50;koskaan;1
1491;60/2024;2024_60_50;joutua;1
1491;60/2024;2024_60_50;kaikki;2
1491;60/2024;2024_60_50;tae;1
1491;60/2024;2024_60_50;nostaa;2
1491;60/2024;2024_60_50;kynnys;1
1491;60/2024;2024_60_50;pelote;1
1491;60/2024;2024_60_50;hyvin;1
1491;60/2024;2024_60_50;korkea;1
1491;60/2024;2024_60_50;jotta;1
1491;60/2024;2024_60_50;mahdollinen;1
1491;60/2024;2024_60_50;hyökkääjä;1
1491;60/2024;2024_60_50;miettiä;1
1491;60/2024;2024_60_50;kerran;1
1491;60/2024;2024_60_50;lähteä;1
1491;60/2024;2024_60_50;koetella;1
1491;60/2024;2024_60_50;vai;1
1491;60/2024;2024_60_50;kanssa;1
1491;60/2024;2024_60_50;vahvistaa;2
1491;60/2024;2024_60_50;varautua;1
1491;60/2024;2024_60_50;varautuminen;1
1491;60/2024;2024_60_50;viisaus;1
1491;60/2024;2024_60_50;lämmin;1
1491;60/2024;2024_60_50;kiitos;2
1491;60/2024;2024_60_50;lakiesitys;2
1491;60/2024;2024_60_50;valmistelija;1
1491;60/2024;2024_60_50;jatkaa;1
1491;60/2024;2024_60_50;löytyä;1
1491;60/2024;2024_60_50;päättäväisyys;1
1491;60/2024;2024_60_50;viedä;1
1491;60/2024;2024_60_50;läpi;1
1491;60/2024;2024_60_50;siten;1
1491;64/2024;2024_64_22;arvoisa;1
1491;64/2024;2024_64_22;puhemies;1
1491;64/2024;2024_64_22;kiitos;2
1491;64/2024;2024_64_22;ministeri;2
1491;64/2024;2024_64_22;ja;12
1491;64/2024;2024_64_22;hallitus;2
1491;64/2024;2024_64_22;tämä;8
1491;64/2024;2024_64_22;tärkeä;1
1491;64/2024;2024_64_22;esitys;3
1491;64/2024;2024_64_22;joka;3
1491;64/2024;2024_64_22;toivottavasti;1
1491;64/2024;2024_64_22;saada;2
1491;64/2024;2024_64_22;pian;1
1491;64/2024;2024_64_22;päätös;2
1491;64/2024;2024_64_22;muistaa;1
1491;64/2024;2024_64_22;että;6
1491;64/2024;2024_64_22;kun;3
1491;64/2024;2024_64_22;aika;2
1491;64/2024;2024_64_22;tehdä;1
1491;64/2024;2024_64_22;väitöskirja;1
1491;64/2024;2024_64_22;väitellä;1
1491;64/2024;2024_64_22;suomi;2
1491;64/2024;2024_64_22;uhkakuvapolitiikka;1
1491;64/2024;2024_64_22;niin;3
1491;64/2024;2024_64_22;todeta;2
1491;64/2024;2024_64_22;se;7
1491;64/2024;2024_64_22;minä;13
1491;64/2024;2024_64_22;uhkakuva;2
1491;64/2024;2024_64_22;olla;10
1491;64/2024;2024_64_22;siis;1
1491;64/2024;2024_64_22;noin;1
1491;64/2024;2024_64_22;vuosi;1
1491;64/2024;2024_64_22;sitten;1
1491;64/2024;2024_64_22;muuttua;1
1491;64/2024;2024_64_22;yhä;2
1491;64/2024;2024_64_22;monimutkainen;1
1491;64/2024;2024_64_22;kirjo;1
1491;64/2024;2024_64_22;entisestään;1
1491;64/2024;2024_64_22;laajentua;1
1491;64/2024;2024_64_22;nyt;2
1491;64/2024;2024_64_22;päivä;2
1491;64/2024;2024_64_22;voida;1
1491;64/2024;2024_64_22;kehitys;1
1491;64/2024;2024_64_22;jatkua;1
1491;64/2024;2024_64_22;sama;1
1491;64/2024;2024_64_22;suunta;1
1491;64/2024;2024_64_22;elää;2
1491;64/2024;2024_64_22;maailma;1
1491;64/2024;2024_64_22;myös;3
1491;64/2024;2024_64_22;lainsäädäntö;1
1491;64/2024;2024_64_22;osa;2
1491;64/2024;2024_64_22;joutua;1
1491;64/2024;2024_64_22;haasteellinen;1
1491;64/2024;2024_64_22;tilanne;2
1491;64/2024;2024_64_22;sanotusti;1
1491;64/2024;2024_64_22;sota;1
1491;64/2024;2024_64_22;rauha;1
1491;64/2024;2024_64_22;välimaasto;1
1491;64/2024;2024_64_22;katsoa;1
1491;64/2024;2024_64_22;turvallisuusympäristö;1
1491;64/2024;2024_64_22;sana;1
1491;64/2024;2024_64_22;hämmentäminen;1
1491;64/2024;2024_64_22;suomalainen;2
1491;64/2024;2024_64_22;yhteiskunta;2
1491;64/2024;2024_64_22;kohtaan;2
1491;64/2024;2024_64_22;turvallisuus;4
1491;64/2024;2024_64_22;aivan;1
1491;64/2024;2024_64_22;keskeinen;1
1491;64/2024;2024_64_22;kuitenkin;1
1491;64/2024;2024_64_22;kaksi;1
1491;64/2024;2024_64_22;hyvä;1
1491;64/2024;2024_64_22;vastalääkesana;1
1491;64/2024;2024_64_22;toinen;2
1491;64/2024;2024_64_22;päättäväisyys;1
1491;64/2024;2024_64_22;varautuminen;1
1491;64/2024;2024_64_22;mieli;2
1491;64/2024;2024_64_22;toimia;1
1491;64/2024;2024_64_22;viisaasti;1
1491;64/2024;2024_64_22;huolehtia;3
1491;64/2024;2024_64_22;ennakoida;1
1491;64/2024;2024_64_22;varautua;1
1491;64/2024;2024_64_22;erilainen;2
1491;64/2024;2024_64_22;epävakauttaa;1
1491;64/2024;2024_64_22;toimi;1
1491;64/2024;2024_64_22;tapaus;1
1491;64/2024;2024_64_22;raja;1
1491;64/2024;2024_64_22;ennen;1
1491;64/2024;2024_64_22;kaikkea;1
1491;64/2024;2024_64_22;lakiesitys;1
1491;64/2024;2024_64_22;mahdollistaa;1
1491;64/2024;2024_64_22;nopea;1
1491;64/2024;2024_64_22;aikataulu;1
1491;64/2024;2024_64_22;rajavartiolaitos;1
1491;64/2024;2024_64_22;kyvykkyys;1
1491;64/2024;2024_64_22;reserviläinen;1
1491;64/2024;2024_64_22;käyttö;1
1491;64/2024;2024_64_22;erittäin;1
1491;64/2024;2024_64_22;hyvin;1
1491;64/2024;2024_64_22;kuvata;1
1491;64/2024;2024_64_22;kyse;1
1491;64/2024;2024_64_22;laaja;1
1491;64/2024;2024_64_22;kokonaisuus;1
1491;64/2024;2024_64_22;puhua;3
1491;64/2024;2024_64_22;rajaturvallisuuslaki;1
1491;64/2024;2024_64_22;asevelvollisuuslaki;1
1491;64/2024;2024_64_22;muutos;1
1491;64/2024;2024_64_22;rajaturvallisuus;1
1491;64/2024;2024_64_22;varmistaminen;1
1491;64/2024;2024_64_22;dca-sopimus;1
1491;64/2024;2024_64_22;moni;1
1491;64/2024;2024_64_22;muu;1
1491;64/2024;2024_64_22;asia;1
1491;64/2024;2024_64_22;epävarma;1
1491;64/2024;2024_64_22;maailmanpoliittinen;1
1491;64/2024;2024_64_22;kyllä;1
1491;64/2024;2024_64_22;toki;1
1491;64/2024;2024_64_22;oikeusprosessi;1
1491;64/2024;2024_64_22;laillisuusvelvoite;1
1491;64/2024;2024_64_22;kunnioittaa;1
1491;64/2024;2024_64_22;mahdollisimman;1
1491;64/2024;2024_64_22;nopeasti;1
1491;64/2024;2024_64_22;viedä;1
1491;64/2024;2024_64_22;kansallinen;1
1491;64/2024;2024_64_22;etu;1
1491;64/2024;2024_64_22;mukainen;1
1491;76/2024;2024_76_162;arvoisa;3
1491;76/2024;2024_76_162;rouva;3
1491;76/2024;2024_76_162;puhemies;3
1491;76/2024;2024_76_162;jos;3
1491;76/2024;2024_76_162;katsoa;2
1491;76/2024;2024_76_162;ensiksi;1
1491;76/2024;2024_76_162;hieman;2
1491;76/2024;2024_76_162;taaksepäin;1
1491;76/2024;2024_76_162;historia;3
1491;76/2024;2024_76_162;niin;3
1491;76/2024;2024_76_162;voida;3
1491;76/2024;2024_76_162;olla;29
1491;76/2024;2024_76_162;sama;1
1491;76/2024;2024_76_162;mieli;6
1491;76/2024;2024_76_162;se;16
1491;76/2024;2024_76_162;että;10
1491;76/2024;2024_76_162;hyvä;3
1491;76/2024;2024_76_162;tämä;22
1491;76/2024;2024_76_162;sali;2
1491;76/2024;2024_76_162;ja;20
1491;76/2024;2024_76_162;suomi;8
1491;76/2024;2024_76_162;löytyä;1
1491;76/2024;2024_76_162;päättäväisyys;1
1491;76/2024;2024_76_162;turvallisuus;11
1491;76/2024;2024_76_162;takaaminen;1
1491;76/2024;2024_76_162;yhteiskunta;1
1491;76/2024;2024_76_162;joutua;1
1491;76/2024;2024_76_162;aika;7
1491;76/2024;2024_76_162;käydä;2
1491;76/2024;2024_76_162;läpi;1
1491;76/2024;2024_76_162;moni;4
1491;76/2024;2024_76_162;käänne;1
1491;76/2024;2024_76_162;myös;9
1491;76/2024;2024_76_162;hyvin;2
1491;76/2024;2024_76_162;raskas;1
1491;76/2024;2024_76_162;uhri;1
1491;76/2024;2024_76_162;puolustaa;1
1491;76/2024;2024_76_162;itsenäisyys;1
1491;76/2024;2024_76_162;valtio;2
1491;76/2024;2024_76_162;perustehtävä;1
1491;76/2024;2024_76_162;takia;1
1491;76/2024;2024_76_162;minä;23
1491;76/2024;2024_76_162;täällä;1
1491;76/2024;2024_76_162;tänään;3
1491;76/2024;2024_76_162;keskustella;3
1491;76/2024;2024_76_162;sijasta;1
1491;76/2024;2024_76_162;tulevaisuus;1
1491;76/2024;2024_76_162;realistisesti;1
1491;76/2024;2024_76_162;arvioida;2
1491;76/2024;2024_76_162;turvallisuuspolitiikka;3
1491;76/2024;2024_76_162;pilvi;1
1491;76/2024;2024_76_162;valitettavasti;1
1491;76/2024;2024_76_162;enemmän;3
1491;76/2024;2024_76_162;tummua;1
1491;76/2024;2024_76_162;kuin;3
1491;76/2024;2024_76_162;valaistua;1
1491;76/2024;2024_76_162;päin;1
1491;76/2024;2024_76_162;kuten;4
1491;76/2024;2024_76_162;eilinen;1
1491;76/2024;2024_76_162;tapahtuma;1
1491;76/2024;2024_76_162;muu;3
1491;76/2024;2024_76_162;osoittaa;1
1491;76/2024;2024_76_162;venäjä;3
1491;76/2024;2024_76_162;toiminta;2
1491;76/2024;2024_76_162;ei;4
1491;76/2024;2024_76_162;nykyhetki;1
1491;76/2024;2024_76_162;pidäke;1
1491;76/2024;2024_76_162;naiivi;1
1491;76/2024;2024_76_162;ajatella;2
1491;76/2024;2024_76_162;lähtökohta;1
1491;76/2024;2024_76_162;ymmärtää;1
1491;76/2024;2024_76_162;sanoa;3
1491;76/2024;2024_76_162;suoraan;1
1491;76/2024;2024_76_162;vaarallinen;1
1491;76/2024;2024_76_162;suomalainen;3
1491;76/2024;2024_76_162;uskaltaa;2
1491;76/2024;2024_76_162;kokemus;1
1491;76/2024;2024_76_162;turvallisuuspoliittisesti;1
1491;76/2024;2024_76_162;hetki;2
1491;76/2024;2024_76_162;elää;1
1491;76/2024;2024_76_162;poikkeuksellinen;1
1491;76/2024;2024_76_162;keskustelu;3
1491;76/2024;2024_76_162;tulla;3
1491;76/2024;2024_76_162;usea;1
1491;76/2024;2024_76_162;kerta;1
1491;76/2024;2024_76_162;esille;4
1491;76/2024;2024_76_162;sellainen;1
1491;76/2024;2024_76_162;perinteinen;1
1491;76/2024;2024_76_162;käsite;2
1491;76/2024;2024_76_162;sota;3
1491;76/2024;2024_76_162;rauha;2
1491;76/2024;2024_76_162;kun;2
1491;76/2024;2024_76_162;ehkä;1
1491;76/2024;2024_76_162;pitää;2
1491;76/2024;2024_76_162;ihmismieli;1
1491;76/2024;2024_76_162;tapa;1
1491;76/2024;2024_76_162;asia;5
1491;76/2024;2024_76_162;kaksijakoisesti;1
1491;76/2024;2024_76_162;pelkästään;2
1491;76/2024;2024_76_162;hämärtyä;1
1491;76/2024;2024_76_162;vaan;2
1491;76/2024;2024_76_162;tarkoitus;1
1491;76/2024;2024_76_162;hämärtää;1
1491;76/2024;2024_76_162;tapahtua;2
1491;76/2024;2024_76_162;osa;1
1491;76/2024;2024_76_162;toimi;2
1491;76/2024;2024_76_162;joka;5
1491;76/2024;2024_76_162;vaikuttaa;1
1491;76/2024;2024_76_162;lainsäädäntö;4
1491;76/2024;2024_76_162;muuttua;2
1491;76/2024;2024_76_162;mukana;1
1491;76/2024;2024_76_162;silloin;2
1491;76/2024;2024_76_162;aivan;2
1491;76/2024;2024_76_162;edustaja;2
1491;76/2024;2024_76_162;ronkainen;1
1491;76/2024;2024_76_162;edellä;1
1491;76/2024;2024_76_162;tuoda;3
1491;76/2024;2024_76_162;tietoisesti;1
1491;76/2024;2024_76_162;käyttää;1
1491;76/2024;2024_76_162;hyväksi;1
1491;76/2024;2024_76_162;hybridivaikuttaminen;2
1491;76/2024;2024_76_162;eli;2
1491;76/2024;2024_76_162;välimaasto;1
1491;76/2024;2024_76_162;vihamielinen;2
1491;76/2024;2024_76_162;heikkous;1
1491;76/2024;2024_76_162;lainsäätäjä;1
1491;76/2024;2024_76_162;tehtävä;1
1491;76/2024;2024_76_162;tilkitä;1
1491;76/2024;2024_76_162;aukko;1
1491;76/2024;2024_76_162;jatko;2
1491;76/2024;2024_76_162;koskea;1
1491;76/2024;2024_76_162;rajaturvallisuuslaki;4
1491;76/2024;2024_76_162;erilainen;3
1491;76/2024;2024_76_162;hybriditoimi;1
1491;76/2024;2024_76_162;vaatia;1
1491;76/2024;2024_76_162;uudistaminen;1
1491;76/2024;2024_76_162;eduskunta;1
1491;76/2024;2024_76_162;eteen;1
1491;76/2024;2024_76_162;oikeusvaltio;1
1491;76/2024;2024_76_162;oikeus;1
1491;76/2024;2024_76_162;velvollisuus;1
1491;76/2024;2024_76_162;ennen;1
1491;76/2024;2024_76_162;kaikkea;1
1491;76/2024;2024_76_162;mahdollisuus;1
1491;76/2024;2024_76_162;puolustautua;1
1491;76/2024;2024_76_162;aiheuttaa;1
1491;76/2024;2024_76_162;vakava;1
1491;76/2024;2024_76_162;vaara;1
1491;76/2024;2024_76_162;vastaan;1
1491;76/2024;2024_76_162;huolehtia;3
1491;76/2024;2024_76_162;korostua;2
1491;76/2024;2024_76_162;erityisesti;2
1491;76/2024;2024_76_162;kaksi;1
1491;76/2024;2024_76_162;ensinnä;1
1491;76/2024;2024_76_162;päättäväinen;1
1491;76/2024;2024_76_162;kyllä;4
1491;76/2024;2024_76_162;päättäminen;1
1491;76/2024;2024_76_162;keskusteleminen;1
1491;76/2024;2024_76_162;viesti;2
1491;76/2024;2024_76_162;miten;1
1491;76/2024;2024_76_162;osata;2
1491;76/2024;2024_76_162;toimia;2
1491;76/2024;2024_76_162;tällainen;1
1491;76/2024;2024_76_162;tilanne;1
1491;76/2024;2024_76_162;mitä;1
1491;76/2024;2024_76_162;päättäväisesti;1
1491;76/2024;2024_76_162;sitä;1
1491;76/2024;2024_76_162;näin;1
1491;76/2024;2024_76_162;ennaltaehkäistä;1
1491;76/2024;2024_76_162;tuleva;1
1491;76/2024;2024_76_162;hybridivaikuttama;1
1491;76/2024;2024_76_162;toinen;1
1491;76/2024;2024_76_162;mikä;1
1491;76/2024;2024_76_162;aina;2
1491;76/2024;2024_76_162;kansallinen;2
1491;76/2024;2024_76_162;kysymys;1
1491;76/2024;2024_76_162;yhtenäisyys;2
1491;76/2024;2024_76_162;oikein;1
1491;76/2024;2024_76_162;virta;1
1491;76/2024;2024_76_162;aikaisemmin;1
1491;76/2024;2024_76_162;kriittisesti;1
1491;76/2024;2024_76_162;näkökulma;2
1491;76/2024;2024_76_162;vahvuus;1
1491;76/2024;2024_76_162;toistaiseksi;1
1491;76/2024;2024_76_162;toivottavasti;2
1491;76/2024;2024_76_162;loppu;1
1491;76/2024;2024_76_162;asti;1
1491;76/2024;2024_76_162;ilo;1
1491;76/2024;2024_76_162;seurata;1
1491;76/2024;2024_76_162;kyetä;1
1491;76/2024;2024_76_162;huolimatta;1
1491;76/2024;2024_76_162;sivistyneesti;1
1491;76/2024;2024_76_162;mutta;2
1491;76/2024;2024_76_162;päätös;1
1491;76/2024;2024_76_162;kantautua;1
1491;76/2024;2024_76_162;konkreettinen;1
1491;76/2024;2024_76_162;teko;1
1491;76/2024;2024_76_162;mahdollisimman;1
1491;76/2024;2024_76_162;yhtenäinen;1
1491;76/2024;2024_76_162;edistää;1
1491;76/2024;2024_76_162;alku;1
1491;76/2024;2024_76_162;alkaen;1
1491;76/2024;2024_76_162;media;1
1491;76/2024;2024_76_162;häiritä;1
1491;76/2024;2024_76_162;puhua;1
1491;76/2024;2024_76_162;koko;1
1491;76/2024;2024_76_162;käännytyslaki;1
1491;76/2024;2024_76_162;elementti;1
1491;76/2024;2024_76_162;kyse;1
1491;76/2024;2024_76_162;turvallisuuslaki;1
1491;76/2024;2024_76_162;antaa;1
1491;76/2024;2024_76_162;viranomainen;1
1491;76/2024;2024_76_162;riittävä;1
1491;76/2024;2024_76_162;toimivaltuus;1
1491;76/2024;2024_76_162;maa;1
1491;76/2024;2024_76_162;varmistaminen;1
1491;76/2024;2024_76_162;nyt;1
1491;76/2024;2024_76_162;käsitellä;1
1491;76/2024;2024_76_162;varautua;1
1491;76/2024;2024_76_162;parantaa;1
1491;76/2024;2024_76_162;valmius;1
1491;76/2024;2024_76_162;torjuminen;1
1491;76/2024;2024_76_162;erityinen;1
1491;76/2024;2024_76_162;huoli;1
1491;76/2024;2024_76_162;tarvita;1
1491;76/2024;2024_76_162;tukkia;1
1491;76/2024;2024_76_162;vahvasti;1
1491;76/2024;2024_76_162;kiitos;1
1491;112/2024;2024_112_83;arvoisa;2
1491;112/2024;2024_112_83;puhemies;2
1491;112/2024;2024_112_83;poliittinen;1
1491;112/2024;2024_112_83;päättäjä;1
1491;112/2024;2024_112_83;tärkeä;1
1491;112/2024;2024_112_83;tehtävä;1
1491;112/2024;2024_112_83;olla;5
1491;112/2024;2024_112_83;huolehtia;1
1491;112/2024;2024_112_83;kansalainen;1
1491;112/2024;2024_112_83;turvallisuus;2
1491;112/2024;2024_112_83;etenkin;1
1491;112/2024;2024_112_83;tämä;4
1491;112/2024;2024_112_83;turvallisuuspoliittinen;1
1491;112/2024;2024_112_83;tilanne;1
1491;112/2024;2024_112_83;joka;2
1491;112/2024;2024_112_83;näyttää;1
1491;112/2024;2024_112_83;että;2
1491;112/2024;2024_112_83;merkki;1
1491;112/2024;2024_112_83;hyvin;1
1491;112/2024;2024_112_83;mennä;1
1491;112/2024;2024_112_83;yhä;1
1491;112/2024;2024_112_83;epävakaa;1
1491;112/2024;2024_112_83;suunta;1
1491;112/2024;2024_112_83;mutta;1
1491;112/2024;2024_112_83;minä;3
1491;112/2024;2024_112_83;hyvä;1
1491;112/2024;2024_112_83;uutinen;1
1491;112/2024;2024_112_83;maailma;1
1491;112/2024;2024_112_83;hetki;3
1491;112/2024;2024_112_83;ihailla;1
1491;112/2024;2024_112_83;suomalainen;1
1491;112/2024;2024_112_83;kokonaisturvallisuus;1
1491;112/2024;2024_112_83;malli;1
1491;112/2024;2024_112_83;siis;1
1491;112/2024;2024_112_83;kyetä;1
1491;112/2024;2024_112_83;osallistaa;1
1491;112/2024;2024_112_83;koko;1
1491;112/2024;2024_112_83;yhteiskunta;1
1491;112/2024;2024_112_83;yhteinen;3
1491;112/2024;2024_112_83;tekeminen;1
1491;112/2024;2024_112_83;se;4
1491;112/2024;2024_112_83;vahva;1
1491;112/2024;2024_112_83;tarve;1
1491;112/2024;2024_112_83;presidentti;2
1491;112/2024;2024_112_83;niinistö;2
1491;112/2024;2024_112_83;esitellä;1
1491;112/2024;2024_112_83;viime;1
1491;112/2024;2024_112_83;viikko;1
1491;112/2024;2024_112_83;komissio;1
1491;112/2024;2024_112_83;valmistella;2
1491;112/2024;2024_112_83;raportti;2
1491;112/2024;2024_112_83;eurooppa;1
1491;112/2024;2024_112_83;unioni;1
1491;112/2024;2024_112_83;varautuminen;2
1491;112/2024;2024_112_83;ja;3
1491;112/2024;2024_112_83;kehittäminen;1
1491;112/2024;2024_112_83;viisaus;1
1491;112/2024;2024_112_83;kysyä;1
1491;112/2024;2024_112_83;eurooppaministeri;1
1491;112/2024;2024_112_83;strand;1
1491;112/2024;2024_112_83;miten;1
1491;112/2024;2024_112_83;hallitus;1
1491;112/2024;2024_112_83;nähdä;1
1491;112/2024;2024_112_83;eu;1
1491;112/2024;2024_112_83;tehdä;1
1491;112/2024;2024_112_83;ehdotus;1
1491;112/2024;2024_112_83;niin;1
1491;112/2024;2024_112_83;voida;1
1491;112/2024;2024_112_83;entisestään;1
1491;112/2024;2024_112_83;vahvistaa;1
1491;112/2024;2024_112_83;eurooppalainen;1
1491;112/2024;2024_112_83;puolustautuma;1
1491;112/2024;2024_112_83;koputtaa;1
1491;115/2024;2024_115_11;arvoisa;3
1491;115/2024;2024_115_11;puhemies;3
1491;115/2024;2024_115_11;nato-jäsenyys;2
1491;115/2024;2024_115_11;myötä;2
1491;115/2024;2024_115_11;jättää;1
1491;115/2024;2024_115_11;taakse;1
1491;115/2024;2024_115_11;sotilaallinen;1
1491;115/2024;2024_115_11;liittoutumattomuus;1
1491;115/2024;2024_115_11;ja;19
1491;115/2024;2024_115_11;liittyä;1
1491;115/2024;2024_115_11;yhteisö;2
1491;115/2024;2024_115_11;joka;3
1491;115/2024;2024_115_11;jäsen;2
1491;115/2024;2024_115_11;olla;10
1491;115/2024;2024_115_11;sitoutua;2
1491;115/2024;2024_115_11;puolustaa;2
1491;115/2024;2024_115_11;toinen;1
1491;115/2024;2024_115_11;suomi;3
1491;115/2024;2024_115_11;turvallisuus;5
1491;115/2024;2024_115_11;puolustus;3
1491;115/2024;2024_115_11;ei;1
1491;115/2024;2024_115_11;levätä;1
1491;115/2024;2024_115_11;enää;1
1491;115/2024;2024_115_11;ainoastaan;1
1491;115/2024;2024_115_11;minä;4
1491;115/2024;2024_115_11;harteet;1
1491;115/2024;2024_115_11;vaan;1
1491;115/2024;2024_115_11;osa;1
1491;115/2024;2024_115_11;laaja;1
1491;115/2024;2024_115_11;turvallisuusyhteisö;1
1491;115/2024;2024_115_11;osallistuminen;7
1491;115/2024;2024_115_11;nato;4
1491;115/2024;2024_115_11;rauha;4
1491;115/2024;2024_115_11;aika;4
1491;115/2024;2024_115_11;tehtävä;4
1491;115/2024;2024_115_11;luonteva;1
1491;115/2024;2024_115_11;merkittävä;1
1491;115/2024;2024_115_11;askel;1
1491;115/2024;2024_115_11;sitoutuminen;3
1491;115/2024;2024_115_11;yhteinen;6
1491;115/2024;2024_115_11;vahvistaminen;2
1491;115/2024;2024_115_11;liittokunta;2
1491;115/2024;2024_115_11;toiminta;3
1491;115/2024;2024_115_11;mahdollistaa;1
1491;115/2024;2024_115_11;yhteistyö;3
1491;115/2024;2024_115_11;kehittäminen;1
1491;115/2024;2024_115_11;yhdessä;2
1491;115/2024;2024_115_11;liittolainen;2
1491;115/2024;2024_115_11;kanssa;1
1491;115/2024;2024_115_11;osoittaa;4
1491;115/2024;2024_115_11;konkreettisesti;1
1491;115/2024;2024_115_11;halu;1
1491;115/2024;2024_115_11;kantaa;2
1491;115/2024;2024_115_11;vastuu;2
1491;115/2024;2024_115_11;pelote;3
1491;115/2024;2024_115_11;aktiivinen;1
1491;115/2024;2024_115_11;jäsenmaa;1
1491;115/2024;2024_115_11;myös;3
1491;115/2024;2024_115_11;viestiä;1
1491;115/2024;2024_115_11;yhtenäisyys;1
1491;115/2024;2024_115_11;vahvistaa;4
1491;115/2024;2024_115_11;kautta;1
1491;115/2024;2024_115_11;puolustusvoima;1
1491;115/2024;2024_115_11;päästä;1
1491;115/2024;2024_115_11;entinen;1
1491;115/2024;2024_115_11;hyvin;1
1491;115/2024;2024_115_11;integroida;1
1491;115/2024;2024_115_11;toimintamalli;1
1491;115/2024;2024_115_11;tämä;2
1491;115/2024;2024_115_11;kehittää;1
1491;115/2024;2024_115_11;osaaminen;1
1491;115/2024;2024_115_11;valmius;1
1491;115/2024;2024_115_11;varmistaa;1
1491;115/2024;2024_115_11;että;4
1491;115/2024;2024_115_11;ajantasainen;1
1491;115/2024;2024_115_11;tehokas;1
1491;115/2024;2024_115_11;puolustuskyky;1
1491;115/2024;2024_115_11;erityisesti;1
1491;115/2024;2024_115_11;tämänhetkinen;1
1491;115/2024;2024_115_11;turvallisuustilanne;1
1491;115/2024;2024_115_11;korostaa;1
1491;115/2024;2024_115_11;vakaus;2
1491;115/2024;2024_115_11;edistäminen;1
1491;115/2024;2024_115_11;koko;2
1491;115/2024;2024_115_11;itämeri;1
1491;115/2024;2024_115_11;alue;1
1491;115/2024;2024_115_11;pohjois-eurooppa;1
1491;115/2024;2024_115_11;venäjä;1
1491;115/2024;2024_115_11;julma;1
1491;115/2024;2024_115_11;hyökkäyssota;1
1491;115/2024;2024_115_11;ukraina;1
1491;115/2024;2024_115_11;tulla;1
1491;115/2024;2024_115_11;vahva;1
1491;115/2024;2024_115_11;yhtenäinen;1
1491;115/2024;2024_115_11;puolustusliitto;1
1491;115/2024;2024_115_11;tukea;2
1491;115/2024;2024_115_11;päämäärä;1
1491;115/2024;2024_115_11;puolustusvalmius;1
1491;115/2024;2024_115_11;luoda;1
1491;115/2024;2024_115_11;ennaltaehkäisevä;1
1491;115/2024;2024_115_11;vähentää;1
1491;115/2024;2024_115_11;konflikti;1
1491;115/2024;2024_115_11;riski;1
1491;115/2024;2024_115_11;kokoomus;2
1491;115/2024;2024_115_11;korsi;1
1491;115/2024;2024_115_11;keko;1
1491;115/2024;2024_115_11;eteen;1
1491;115/2024;2024_115_11;antaa;1
1491;115/2024;2024_115_11;selkeä;1
1491;115/2024;2024_115_11;viesti;1
1491;115/2024;2024_115_11;valmis;1
1491;115/2024;2024_115_11;panostaa;1
1491;115/2024;2024_115_11;turvallisuusympäristö;1
1491;115/2024;2024_115_11;kesken;1
1491;115/2024;2024_115_11;varautuminen;1
1491;115/2024;2024_115_11;sekä;1
1491;115/2024;2024_115_11;toimia;1
1491;115/2024;2024_115_11;epävakaa;1
1491;115/2024;2024_115_11;sillä;1
1491;115/2024;2024_115_11;se;2
1491;115/2024;2024_115_11;lisätä;1
1491;115/2024;2024_115_11;asema;1
1491;115/2024;2024_115_11;kansainvälinen;1
1491;115/2024;2024_115_11;näin;1
1491;115/2024;2024_115_11;vastuunkanto;1
1491;115/2024;2024_115_11;halukkuus;1
1491;115/2024;2024_115_11;arvo;1
1491;115/2024;2024_115_11;varaan;1
1491;115/2024;2024_115_11;läntinen;1
1491;115/2024;2024_115_11;turvallisuusrakennelma;1
1491;115/2024;2024_115_11;rakentua;1
1491;130/2024;2024_130_89;arvoisa;3
1491;130/2024;2024_130_89;puhemies;3
1491;130/2024;2024_130_89;äradtaa;1
1491;130/2024;2024_130_89;talma;1
1491;130/2024;2024_130_89;täällä;1
1491;130/2024;2024_130_89;olla;39
1491;130/2024;2024_130_89;käyttää;1
1491;130/2024;2024_130_89;jo;1
1491;130/2024;2024_130_89;hyvä;2
1491;130/2024;2024_130_89;puheenvuoro;1
1491;130/2024;2024_130_89;ja;20
1491;130/2024;2024_130_89;tuoda;2
1491;130/2024;2024_130_89;aiheellisesti;1
1491;130/2024;2024_130_89;esille;3
1491;130/2024;2024_130_89;tämä;16
1491;130/2024;2024_130_89;epävakaa;1
1491;130/2024;2024_130_89;nopeasti;1
1491;130/2024;2024_130_89;muuttua;1
1491;130/2024;2024_130_89;turvallisuusympäristö;2
1491;130/2024;2024_130_89;päivä;3
1491;130/2024;2024_130_89;suomi;9
1491;130/2024;2024_130_89;usein;1
1491;130/2024;2024_130_89;kuitenkin;2
1491;130/2024;2024_130_89;helposti;1
1491;130/2024;2024_130_89;keskittyä;1
1491;130/2024;2024_130_89;liiaksi;2
1491;130/2024;2024_130_89;turvattomuus;2
1491;130/2024;2024_130_89;ikävä;1
1491;130/2024;2024_130_89;asia;3
1491;130/2024;2024_130_89;erilainen;1
1491;130/2024;2024_130_89;uhkatekijä;1
1491;130/2024;2024_130_89;selvä;1
1491;130/2024;2024_130_89;että;9
1491;130/2024;2024_130_89;hereillä;2
1491;130/2024;2024_130_89;minä;14
1491;130/2024;2024_130_89;tilanne;2
1491;130/2024;2024_130_89;seurata;1
1491;130/2024;2024_130_89;jatkuvasti;1
1491;130/2024;2024_130_89;oma;1
1491;130/2024;2024_130_89;turvallisuus;5
1491;130/2024;2024_130_89;sekä;3
1491;130/2024;2024_130_89;puolustus;1
1491;130/2024;2024_130_89;kehittää;1
1491;130/2024;2024_130_89;mutta;1
1491;130/2024;2024_130_89;ei;2
1491;130/2024;2024_130_89;saada;1
1491;130/2024;2024_130_89;hautautua;1
1491;130/2024;2024_130_89;syöveri;1
1491;130/2024;2024_130_89;puhua;5
1491;130/2024;2024_130_89;hetki;8
1491;130/2024;2024_130_89;aika;4
1491;130/2024;2024_130_89;turvallinen;2
1491;130/2024;2024_130_89;asema;1
1491;130/2024;2024_130_89;kuin;1
1491;130/2024;2024_130_89;koskaan;1
1491;130/2024;2024_130_89;itsenäisyys;1
1491;130/2024;2024_130_89;moni;2
1491;130/2024;2024_130_89;joka;6
1491;130/2024;2024_130_89;syy;1
1491;130/2024;2024_130_89;nostaa;2
1491;130/2024;2024_130_89;kuten;1
1491;130/2024;2024_130_89;ulko;5
1491;130/2024;2024_130_89;turvallisuuspoliittinen;1
1491;130/2024;2024_130_89;selonteko;4
1491;130/2024;2024_130_89;mietintö;4
1491;130/2024;2024_130_89;enää;1
1491;130/2024;2024_130_89;yksin;1
1491;130/2024;2024_130_89;puolustusliitto;1
1491;130/2024;2024_130_89;jäsenmaa;1
1491;130/2024;2024_130_89;kumppanimaa;1
1491;130/2024;2024_130_89;hyvin;3
1491;130/2024;2024_130_89;merkittävä;2
1491;130/2024;2024_130_89;luonnollisesti;1
1491;130/2024;2024_130_89;historiallinen;1
1491;130/2024;2024_130_89;muutos;1
1491;130/2024;2024_130_89;turvallisuuspolitiikka;5
1491;130/2024;2024_130_89;raja;1
1491;130/2024;2024_130_89;ulkopuolella;1
1491;130/2024;2024_130_89;myös;6
1491;130/2024;2024_130_89;tiedostaa;1
1491;130/2024;2024_130_89;se;4
1491;130/2024;2024_130_89;vahva;3
1491;130/2024;2024_130_89;maanpuolustuskyky;1
1491;130/2024;2024_130_89;huolehtia;1
1491;130/2024;2024_130_89;rauhallinen;1
1491;130/2024;2024_130_89;kyky;1
1491;130/2024;2024_130_89;perusta;1
1491;130/2024;2024_130_89;aina;1
1491;130/2024;2024_130_89;henki;1
1491;130/2024;2024_130_89;viime;1
1491;130/2024;2024_130_89;viikko;1
1491;130/2024;2024_130_89;julkistaa;1
1491;130/2024;2024_130_89;viimeinen;1
1491;130/2024;2024_130_89;maanpuolustustiedotus;1
1491;130/2024;2024_130_89;suunnittelukunta;1
1491;130/2024;2024_130_89;tutkimusraportti;1
1491;130/2024;2024_130_89;maanpuolustustahto;1
1491;130/2024;2024_130_89;todeta;1
1491;130/2024;2024_130_89;edelleen;1
1491;130/2024;2024_130_89;säilyä;1
1491;130/2024;2024_130_89;korkea;2
1491;130/2024;2024_130_89;taso;2
1491;130/2024;2024_130_89;prosentti;1
1491;130/2024;2024_130_89;suomalainen;1
1491;130/2024;2024_130_89;epävarmainen;1
1491;130/2024;2024_130_89;valmis;1
1491;130/2024;2024_130_89;isänmaa;2
1491;130/2024;2024_130_89;puolustaa;1
1491;130/2024;2024_130_89;valtio;1
1491;130/2024;2024_130_89;luoda;1
1491;130/2024;2024_130_89;kokonaisturvallisuus;1
1491;130/2024;2024_130_89;malli;1
1491;130/2024;2024_130_89;tehdä;1
1491;130/2024;2024_130_89;toinen;1
1491;130/2024;2024_130_89;maailmansota;1
1491;130/2024;2024_130_89;jälkeinen;1
1491;130/2024;2024_130_89;alkaen;1
1491;130/2024;2024_130_89;sota;1
1491;130/2024;2024_130_89;rauha;1
1491;130/2024;2024_130_89;välimaasto;1
1491;130/2024;2024_130_89;tapahtua;1
1491;130/2024;2024_130_89;suuri;2
1491;130/2024;2024_130_89;merkitys;1
1491;130/2024;2024_130_89;viranomaisluottamus;1
1491;130/2024;2024_130_89;erittäin;3
1491;130/2024;2024_130_89;uskoa;1
1491;130/2024;2024_130_89;vahvasti;1
1491;130/2024;2024_130_89;yksilö;1
1491;130/2024;2024_130_89;valmius;1
1491;130/2024;2024_130_89;kyse;1
1491;130/2024;2024_130_89;kotivara;1
1491;130/2024;2024_130_89;tai;2
1491;130/2024;2024_130_89;henkinen;1
1491;130/2024;2024_130_89;kriisinsietokyky;1
1491;130/2024;2024_130_89;kaikki;5
1491;130/2024;2024_130_89;epävakaus;1
1491;130/2024;2024_130_89;huolimatta;1
1491;130/2024;2024_130_89;elää;2
1491;130/2024;2024_130_89;täytyä;1
1491;130/2024;2024_130_89;sanoa;1
1491;130/2024;2024_130_89;näin;1
1491;130/2024;2024_130_89;ensimmäinen;1
1491;130/2024;2024_130_89;kausi;1
1491;130/2024;2024_130_89;kansanedustaja;1
1491;130/2024;2024_130_89;iloinen;1
1491;130/2024;2024_130_89;sali;1
1491;130/2024;2024_130_89;yhtenäisyys;1
1491;130/2024;2024_130_89;silloin;1
1491;130/2024;2024_130_89;kun;3
1491;130/2024;2024_130_89;tärkeä;3
1491;130/2024;2024_130_89;eli;1
1491;130/2024;2024_130_89;varmistaminen;1
1491;130/2024;2024_130_89;teknologia;2
1491;130/2024;2024_130_89;kehitystrendi;1
1491;130/2024;2024_130_89;maailma;4
1491;130/2024;2024_130_89;mikä;1
1491;130/2024;2024_130_89;vaikuttaa;1
1491;130/2024;2024_130_89;aivan;1
1491;130/2024;2024_130_89;arki;1
1491;130/2024;2024_130_89;suurvaltasuhde;1
1491;130/2024;2024_130_89;voida;1
1491;130/2024;2024_130_89;arvioida;1
1491;130/2024;2024_130_89;teknologinen;1
1491;130/2024;2024_130_89;kehitys;1
1491;130/2024;2024_130_89;kaikkein;2
1491;130/2024;2024_130_89;muutosvoima;1
1491;130/2024;2024_130_89;lähivuosikymmen;1
1491;130/2024;2024_130_89;turvallisuusymmärrys;1
1491;130/2024;2024_130_89;nyt;1
1491;130/2024;2024_130_89;teknologiakysymys;1
1491;130/2024;2024_130_89;muun;1
1491;130/2024;2024_130_89;muassa;1
1491;130/2024;2024_130_89;kehitysvauhti;1
1491;130/2024;2024_130_89;huima;1
1491;130/2024;2024_130_89;katsoa;2
1491;130/2024;2024_130_89;tekoäly;1
1491;130/2024;2024_130_89;kvanttiteknologia;1
1491;130/2024;2024_130_89;avaruusteknologia;1
1491;130/2024;2024_130_89;paljon;1
1491;130/2024;2024_130_89;antaa;1
1491;130/2024;2024_130_89;kyberturvallisuus;1
1491;130/2024;2024_130_89;digitalisoida;2
1491;130/2024;2024_130_89;ehkä;1
1491;130/2024;2024_130_89;unohtaa;1
1491;130/2024;2024_130_89;välillä;1
1491;130/2024;2024_130_89;keskeinen;1
1491;130/2024;2024_130_89;digitalisointi;1
1491;130/2024;2024_130_89;kohde;1
1491;130/2024;2024_130_89;ihminen;1
1491;130/2024;2024_130_89;ihmisaivot;1
1491;130/2024;2024_130_89;yhä;1
1491;130/2024;2024_130_89;enemmän;1
1491;130/2024;2024_130_89;lähes;1
1491;130/2024;2024_130_89;yhteiskunta;1
1491;130/2024;2024_130_89;toiminto;1
1491;130/2024;2024_130_89;siirtyä;1
1491;130/2024;2024_130_89;digitaalinen;1
1491;130/2024;2024_130_89;toimintaympäristö;1
1491;130/2024;2024_130_89;siellä;1
1491;130/2024;2024_130_89;jatkuva;1
1491;130/2024;2024_130_89;varautuminen;1
1491;130/2024;2024_130_89;kehittäminen;1
1491;130/2024;2024_130_89;kansainvälinen;1
1491;130/2024;2024_130_89;yhteistyö;1
1491;130/2024;2024_130_89;entisestään;1
1491;130/2024;2024_130_89;vahvistaa;1
1491;130/2024;2024_130_89;myötä;1
1491;130/2024;2024_130_89;itse;1
1491;130/2024;2024_130_89;luottavaisesti;1
1491;130/2024;2024_130_89;tulevaisuus;1
1491;130/2024;2024_130_89;vaikka;1
1491;130/2024;2024_130_89;pilvi;1
1491;130/2024;2024_130_89;taivas;1
1491;130/2024;2024_130_89;tummeta;1
1491;130/2024;2024_130_89;päin;1
1491;130/2024;2024_130_89;kiitos;1
